REGION,SETTLEMENTDATE,TOTALDEMAND,RRP,PERIODTYPE
NSW1,2018/01/01 00:30:00,6912.25,91.86,TRADE
NSW1,2018/01/01 01:00:00,6745.63,88.83,TRADE
NSW1,2018/01/01 01:30:00,6466.06,73.62,TRADE
NSW1,2018/01/01 02:00:00,6279.8,71.49,TRADE
NSW1,2018/01/01 02:30:00,6177.31,69.27,TRADE
NSW1,2018/01/01 03:00:00,6050.43,68.44,TRADE
NSW1,2018/01/01 03:30:00,6032.48,69.67,TRADE
NSW1,2018/01/01 04:00:00,5968.5,67.58,TRADE
NSW1,2018/01/01 04:30:00,5953.75,67.09,TRADE
NSW1,2018/01/01 05:00:00,5962.18,67.53,TRADE
NSW1,2018/01/01 05:30:00,5991.69,65.80,TRADE
NSW1,2018/01/01 06:00:00,6062.03,61.53,TRADE
NSW1,2018/01/01 06:30:00,6204.87,66.62,TRADE
NSW1,2018/01/01 07:00:00,6352.58,68.42,TRADE
NSW1,2018/01/01 07:30:00,6548.03,69.02,TRADE
NSW1,2018/01/01 08:00:00,6728.17,69,TRADE
NSW1,2018/01/01 08:30:00,6885.22,68.88,TRADE
NSW1,2018/01/01 09:00:00,7080.7,69.22,TRADE
NSW1,2018/01/01 09:30:00,7281.71,74.04,TRADE
NSW1,2018/01/01 10:00:00,7474.62,75.15,TRADE
NSW1,2018/01/01 10:30:00,7663.88,75.20,TRADE
NSW1,2018/01/01 11:00:00,7764.89,80.66,TRADE
NSW1,2018/01/01 11:30:00,7813.63,77.93,TRADE
NSW1,2018/01/01 12:00:00,7815.47,71.48,TRADE
NSW1,2018/01/01 12:30:00,7804.96,70.47,TRADE
NSW1,2018/01/01 13:00:00,7901.26,76.55,TRADE
NSW1,2018/01/01 13:30:00,7938.72,83.84,TRADE
NSW1,2018/01/01 14:00:00,8000.7,85.14,TRADE
NSW1,2018/01/01 14:30:00,8090.72,84.88,TRADE
NSW1,2018/01/01 15:00:00,8210.88,82.54,TRADE
NSW1,2018/01/01 15:30:00,8365.1,87.06,TRADE
NSW1,2018/01/01 16:00:00,8512.21,95.05,TRADE
NSW1,2018/01/01 16:30:00,8601.46,90.84,TRADE
NSW1,2018/01/01 17:00:00,8747.49,91.46,TRADE
NSW1,2018/01/01 17:30:00,8693.3,81.83,TRADE
NSW1,2018/01/01 18:00:00,8672.52,79.93,TRADE
NSW1,2018/01/01 18:30:00,8531.94,72.77,TRADE
NSW1,2018/01/01 19:00:00,8279.37,74.45,TRADE
NSW1,2018/01/01 19:30:00,8189.38,71.73,TRADE
NSW1,2018/01/01 20:00:00,8161.52,76.95,TRADE
NSW1,2018/01/01 20:30:00,8122.2,78.91,TRADE
NSW1,2018/01/01 21:00:00,7957.58,69.42,TRADE
NSW1,2018/01/01 21:30:00,7860.28,71.31,TRADE
NSW1,2018/01/01 22:00:00,7648.52,66.10,TRADE
NSW1,2018/01/01 22:30:00,7567.13,65.72,TRADE
NSW1,2018/01/01 23:00:00,7336.37,62.37,TRADE
NSW1,2018/01/01 23:30:00,7123.26,62.84,TRADE
NSW1,2018/01/02 00:00:00,6989.32,58.48,TRADE
NSW1,2018/01/02 00:30:00,6815.38,56.73,TRADE
NSW1,2018/01/02 01:00:00,6590.78,56.88,TRADE
NSW1,2018/01/02 01:30:00,6290.12,53.73,TRADE
NSW1,2018/01/02 02:00:00,6139.77,55.07,TRADE
NSW1,2018/01/02 02:30:00,6030.56,53.74,TRADE
NSW1,2018/01/02 03:00:00,5986.37,54.98,TRADE
NSW1,2018/01/02 03:30:00,5986.86,54.98,TRADE
NSW1,2018/01/02 04:00:00,6013.38,54.98,TRADE
NSW1,2018/01/02 04:30:00,6198.13,52.47,TRADE
NSW1,2018/01/02 05:00:00,6271.44,66.62,TRADE
NSW1,2018/01/02 05:30:00,6557.23,66.89,TRADE
NSW1,2018/01/02 06:00:00,6847.25,67.29,TRADE
NSW1,2018/01/02 06:30:00,7155.88,66.02,TRADE
NSW1,2018/01/02 07:00:00,7484.5,72.28,TRADE
NSW1,2018/01/02 07:30:00,7720.92,68.82,TRADE
NSW1,2018/01/02 08:00:00,7958.55,70.86,TRADE
NSW1,2018/01/02 08:30:00,8151.75,76.01,TRADE
NSW1,2018/01/02 09:00:00,8234.16,80.39,TRADE
NSW1,2018/01/02 09:30:00,8269.59,77.83,TRADE
NSW1,2018/01/02 10:00:00,8341.24,73.66,TRADE
NSW1,2018/01/02 10:30:00,8425.75,76.87,TRADE
NSW1,2018/01/02 11:00:00,8485.87,80.17,TRADE
NSW1,2018/01/02 11:30:00,8524.38,80.47,TRADE
NSW1,2018/01/02 12:00:00,8664.14,84.26,TRADE
NSW1,2018/01/02 12:30:00,8843.15,85.01,TRADE
NSW1,2018/01/02 13:00:00,8968.42,83.71,TRADE
NSW1,2018/01/02 13:30:00,9074.74,89.59,TRADE
NSW1,2018/01/02 14:00:00,9176.26,84.79,TRADE
NSW1,2018/01/02 14:30:00,9191.54,86.58,TRADE
NSW1,2018/01/02 15:00:00,9254.81,83.04,TRADE
NSW1,2018/01/02 15:30:00,9395.79,94.22,TRADE
NSW1,2018/01/02 16:00:00,9340.21,83.62,TRADE
NSW1,2018/01/02 16:30:00,9278.8,86.68,TRADE
NSW1,2018/01/02 17:00:00,9191.39,83.16,TRADE
NSW1,2018/01/02 17:30:00,9001.98,74.63,TRADE
NSW1,2018/01/02 18:00:00,8929.07,76.69,TRADE
NSW1,2018/01/02 18:30:00,8720.3,80.12,TRADE
NSW1,2018/01/02 19:00:00,8610.79,80.86,TRADE
NSW1,2018/01/02 19:30:00,8474.83,71.84,TRADE
NSW1,2018/01/02 20:00:00,8371.65,79.41,TRADE
NSW1,2018/01/02 20:30:00,8337.88,79.66,TRADE
NSW1,2018/01/02 21:00:00,8133.61,69.37,TRADE
NSW1,2018/01/02 21:30:00,8088.81,68.30,TRADE
NSW1,2018/01/02 22:00:00,7816.8,62.36,TRADE
NSW1,2018/01/02 22:30:00,7736.95,67.48,TRADE
NSW1,2018/01/02 23:00:00,7551.29,66.48,TRADE
NSW1,2018/01/02 23:30:00,7343.45,67.23,TRADE
NSW1,2018/01/03 00:00:00,7176.17,64.82,TRADE
NSW1,2018/01/03 00:30:00,6942.74,59.82,TRADE
NSW1,2018/01/03 01:00:00,6775.6,56.38,TRADE
NSW1,2018/01/03 01:30:00,6495.39,49.35,TRADE
NSW1,2018/01/03 02:00:00,6255.22,49.82,TRADE
NSW1,2018/01/03 02:30:00,6140.19,53.63,TRADE
NSW1,2018/01/03 03:00:00,6075.4,53.14,TRADE
NSW1,2018/01/03 03:30:00,6046.01,54.98,TRADE
NSW1,2018/01/03 04:00:00,6115.91,54.98,TRADE
NSW1,2018/01/03 04:30:00,6241.05,56.23,TRADE
NSW1,2018/01/03 05:00:00,6354.49,57.29,TRADE
NSW1,2018/01/03 05:30:00,6616.59,62.69,TRADE
NSW1,2018/01/03 06:00:00,6846.51,62.87,TRADE
NSW1,2018/01/03 06:30:00,7181.93,65.24,TRADE
NSW1,2018/01/03 07:00:00,7461.36,66,TRADE
NSW1,2018/01/03 07:30:00,7729.2,67.35,TRADE
NSW1,2018/01/03 08:00:00,7861.83,67.57,TRADE
NSW1,2018/01/03 08:30:00,8041.58,68.99,TRADE
NSW1,2018/01/03 09:00:00,8077,70.09,TRADE
NSW1,2018/01/03 09:30:00,8077.08,69.92,TRADE
NSW1,2018/01/03 10:00:00,8094.46,69.36,TRADE
NSW1,2018/01/03 10:30:00,8078.4,67.96,TRADE
NSW1,2018/01/03 11:00:00,8048,70.70,TRADE
NSW1,2018/01/03 11:30:00,8012.75,68.48,TRADE
NSW1,2018/01/03 12:00:00,7981.82,72.91,TRADE
NSW1,2018/01/03 12:30:00,7962.27,70.04,TRADE
NSW1,2018/01/03 13:00:00,7953.31,69.41,TRADE
NSW1,2018/01/03 13:30:00,7912.41,69.23,TRADE
NSW1,2018/01/03 14:00:00,7995.47,75.40,TRADE
NSW1,2018/01/03 14:30:00,8092.41,73.62,TRADE
NSW1,2018/01/03 15:00:00,8139.25,72.87,TRADE
NSW1,2018/01/03 15:30:00,8166.93,69.25,TRADE
NSW1,2018/01/03 16:00:00,8208.16,69.34,TRADE
NSW1,2018/01/03 16:30:00,8222.51,68.09,TRADE
NSW1,2018/01/03 17:00:00,8235.15,68.83,TRADE
NSW1,2018/01/03 17:30:00,8098.25,66.81,TRADE
NSW1,2018/01/03 18:00:00,8069.57,64.50,TRADE
NSW1,2018/01/03 18:30:00,7958.95,70.50,TRADE
NSW1,2018/01/03 19:00:00,7876.04,72.31,TRADE
NSW1,2018/01/03 19:30:00,7940.51,74.53,TRADE
NSW1,2018/01/03 20:00:00,7966.69,68.89,TRADE
NSW1,2018/01/03 20:30:00,7799.42,63.51,TRADE
NSW1,2018/01/03 21:00:00,7601.8,61.22,TRADE
NSW1,2018/01/03 21:30:00,7591.55,61.67,TRADE
NSW1,2018/01/03 22:00:00,7508.93,61.28,TRADE
NSW1,2018/01/03 22:30:00,7496.14,61.80,TRADE
NSW1,2018/01/03 23:00:00,7362.91,63.20,TRADE
NSW1,2018/01/03 23:30:00,7180.62,65.25,TRADE
NSW1,2018/01/04 00:00:00,7046.18,64.73,TRADE
NSW1,2018/01/04 00:30:00,6913.03,60.22,TRADE
NSW1,2018/01/04 01:00:00,6696.01,55.20,TRADE
NSW1,2018/01/04 01:30:00,6424.05,47.44,TRADE
NSW1,2018/01/04 02:00:00,6186.67,49.80,TRADE
NSW1,2018/01/04 02:30:00,6054.3,53.52,TRADE
NSW1,2018/01/04 03:00:00,5968.01,53.47,TRADE
NSW1,2018/01/04 03:30:00,5992.93,40.56,TRADE
NSW1,2018/01/04 04:00:00,6027.42,53.18,TRADE
NSW1,2018/01/04 04:30:00,6207.34,53.85,TRADE
NSW1,2018/01/04 05:00:00,6308.43,53.73,TRADE
NSW1,2018/01/04 05:30:00,6590.55,56.70,TRADE
NSW1,2018/01/04 06:00:00,6834.57,58.72,TRADE
NSW1,2018/01/04 06:30:00,7091.77,61.34,TRADE
NSW1,2018/01/04 07:00:00,7344.8,66.79,TRADE
NSW1,2018/01/04 07:30:00,7596.23,63.62,TRADE
NSW1,2018/01/04 08:00:00,7721.55,63.74,TRADE
NSW1,2018/01/04 08:30:00,7890.61,66.89,TRADE
NSW1,2018/01/04 09:00:00,7934.85,67.98,TRADE
NSW1,2018/01/04 09:30:00,7984.07,68.91,TRADE
NSW1,2018/01/04 10:00:00,7930.86,68.78,TRADE
NSW1,2018/01/04 10:30:00,7931.25,67.98,TRADE
NSW1,2018/01/04 11:00:00,7905.96,68.40,TRADE
NSW1,2018/01/04 11:30:00,7863.27,66.02,TRADE
NSW1,2018/01/04 12:00:00,7776.98,65.92,TRADE
NSW1,2018/01/04 12:30:00,7774.78,65.74,TRADE
NSW1,2018/01/04 13:00:00,7854.9,69,TRADE
NSW1,2018/01/04 13:30:00,7864.8,64.84,TRADE
NSW1,2018/01/04 14:00:00,7960.95,67.20,TRADE
NSW1,2018/01/04 14:30:00,8032.14,67,TRADE
NSW1,2018/01/04 15:00:00,8089.28,67.78,TRADE
NSW1,2018/01/04 15:30:00,8198.19,68,TRADE
NSW1,2018/01/04 16:00:00,8368.81,75.71,TRADE
NSW1,2018/01/04 16:30:00,8507.89,76.28,TRADE
NSW1,2018/01/04 17:00:00,8640.31,93.01,TRADE
NSW1,2018/01/04 17:30:00,8564.64,89.73,TRADE
NSW1,2018/01/04 18:00:00,8651.08,86.58,TRADE
NSW1,2018/01/04 18:30:00,8474.83,73.63,TRADE
NSW1,2018/01/04 19:00:00,8343.16,58.97,TRADE
NSW1,2018/01/04 19:30:00,8319.64,63.68,TRADE
NSW1,2018/01/04 20:00:00,8380.63,71.72,TRADE
NSW1,2018/01/04 20:30:00,8171.64,59.77,TRADE
NSW1,2018/01/04 21:00:00,7975.09,59.55,TRADE
NSW1,2018/01/04 21:30:00,7960.97,58.57,TRADE
NSW1,2018/01/04 22:00:00,7762.97,56.77,TRADE
NSW1,2018/01/04 22:30:00,7700.07,61.21,TRADE
NSW1,2018/01/04 23:00:00,7556.06,59.88,TRADE
NSW1,2018/01/04 23:30:00,7397.55,59.33,TRADE
NSW1,2018/01/05 00:00:00,7279.13,56.23,TRADE
NSW1,2018/01/05 00:30:00,7083.12,56.06,TRADE
NSW1,2018/01/05 01:00:00,6876.3,54.99,TRADE
NSW1,2018/01/05 01:30:00,6575.75,55,TRADE
NSW1,2018/01/05 02:00:00,6348.74,55,TRADE
NSW1,2018/01/05 02:30:00,6191.18,53.38,TRADE
NSW1,2018/01/05 03:00:00,6134.37,55.32,TRADE
NSW1,2018/01/05 03:30:00,6125.26,55,TRADE
NSW1,2018/01/05 04:00:00,6190.89,53.65,TRADE
NSW1,2018/01/05 04:30:00,6314.89,57.16,TRADE
NSW1,2018/01/05 05:00:00,6415.11,55.01,TRADE
NSW1,2018/01/05 05:30:00,6690.79,57.12,TRADE
NSW1,2018/01/05 06:00:00,6943.54,59.59,TRADE
NSW1,2018/01/05 06:30:00,7211.47,58.64,TRADE
NSW1,2018/01/05 07:00:00,7461.84,64.62,TRADE
NSW1,2018/01/05 07:30:00,7708.18,60.39,TRADE
NSW1,2018/01/05 08:00:00,7860.93,59.89,TRADE
NSW1,2018/01/05 08:30:00,8039,64.51,TRADE
NSW1,2018/01/05 09:00:00,8076.37,65.33,TRADE
NSW1,2018/01/05 09:30:00,8164.45,65.88,TRADE
NSW1,2018/01/05 10:00:00,8241.28,65.56,TRADE
NSW1,2018/01/05 10:30:00,8302.25,66.88,TRADE
NSW1,2018/01/05 11:00:00,8363.45,65.54,TRADE
NSW1,2018/01/05 11:30:00,8435,63.54,TRADE
NSW1,2018/01/05 12:00:00,8570.02,65.76,TRADE
NSW1,2018/01/05 12:30:00,8684.43,65.25,TRADE
NSW1,2018/01/05 13:00:00,8680.29,65.09,TRADE
NSW1,2018/01/05 13:30:00,8793.46,77.04,TRADE
NSW1,2018/01/05 14:00:00,8980.68,71.44,TRADE
NSW1,2018/01/05 14:30:00,9133.79,73.50,TRADE
NSW1,2018/01/05 15:00:00,9257.67,75.66,TRADE
NSW1,2018/01/05 15:30:00,9383.16,76.17,TRADE
NSW1,2018/01/05 16:00:00,9561.38,91.72,TRADE
NSW1,2018/01/05 16:30:00,9666.12,97.90,TRADE
NSW1,2018/01/05 17:00:00,9727,94.21,TRADE
NSW1,2018/01/05 17:30:00,9567.07,79.48,TRADE
NSW1,2018/01/05 18:00:00,9473.29,69.07,TRADE
NSW1,2018/01/05 18:30:00,9168.98,66.73,TRADE
NSW1,2018/01/05 19:00:00,8970.64,69.56,TRADE
NSW1,2018/01/05 19:30:00,8852.64,70.63,TRADE
NSW1,2018/01/05 20:00:00,8755.71,73.98,TRADE
NSW1,2018/01/05 20:30:00,8589.39,66.24,TRADE
NSW1,2018/01/05 21:00:00,8325.14,65.81,TRADE
NSW1,2018/01/05 21:30:00,8285.98,63.96,TRADE
NSW1,2018/01/05 22:00:00,8054.92,59.37,TRADE
NSW1,2018/01/05 22:30:00,8031.44,61.47,TRADE
NSW1,2018/01/05 23:00:00,7846.27,63.81,TRADE
NSW1,2018/01/05 23:30:00,7630.03,65.02,TRADE
NSW1,2018/01/06 00:00:00,7396.42,61.44,TRADE
NSW1,2018/01/06 00:30:00,7189.5,61.14,TRADE
NSW1,2018/01/06 01:00:00,7007.04,56.04,TRADE
NSW1,2018/01/06 01:30:00,6687.68,53.54,TRADE
NSW1,2018/01/06 02:00:00,6407.55,49.93,TRADE
NSW1,2018/01/06 02:30:00,6204.39,47.86,TRADE
NSW1,2018/01/06 03:00:00,6130.71,50.26,TRADE
NSW1,2018/01/06 03:30:00,6061.08,48.34,TRADE
NSW1,2018/01/06 04:00:00,6089.77,47.76,TRADE
NSW1,2018/01/06 04:30:00,6124.02,54.98,TRADE
NSW1,2018/01/06 05:00:00,6166.93,52.63,TRADE
NSW1,2018/01/06 05:30:00,6252.14,54.51,TRADE
NSW1,2018/01/06 06:00:00,6414.67,49.94,TRADE
NSW1,2018/01/06 06:30:00,6675.19,54.99,TRADE
NSW1,2018/01/06 07:00:00,6905.28,55.09,TRADE
NSW1,2018/01/06 07:30:00,7240.09,56.79,TRADE
NSW1,2018/01/06 08:00:00,7487.92,57.77,TRADE
NSW1,2018/01/06 08:30:00,7789.89,58.62,TRADE
NSW1,2018/01/06 09:00:00,7960.76,59.75,TRADE
NSW1,2018/01/06 09:30:00,8140.16,59.71,TRADE
NSW1,2018/01/06 10:00:00,8314.42,67.74,TRADE
NSW1,2018/01/06 10:30:00,8453.84,65.18,TRADE
NSW1,2018/01/06 11:00:00,8617,56.83,TRADE
NSW1,2018/01/06 11:30:00,8755.61,60.14,TRADE
NSW1,2018/01/06 12:00:00,8970.05,61.60,TRADE
NSW1,2018/01/06 12:30:00,9182.53,65.47,TRADE
NSW1,2018/01/06 13:00:00,9348.39,71.03,TRADE
NSW1,2018/01/06 13:30:00,9556.16,70.26,TRADE
NSW1,2018/01/06 14:00:00,9777.33,73.55,TRADE
NSW1,2018/01/06 14:30:00,9950.25,77.66,TRADE
NSW1,2018/01/06 15:00:00,10157.24,86.70,TRADE
NSW1,2018/01/06 15:30:00,10338.83,89.49,TRADE
NSW1,2018/01/06 16:00:00,10509.42,94.77,TRADE
NSW1,2018/01/06 16:30:00,10578.21,100.03,TRADE
NSW1,2018/01/06 17:00:00,10658.87,94.58,TRADE
NSW1,2018/01/06 17:30:00,10660.05,89.25,TRADE
NSW1,2018/01/06 18:00:00,10657.34,92.52,TRADE
NSW1,2018/01/06 18:30:00,10503.68,93.01,TRADE
NSW1,2018/01/06 19:00:00,10318.27,93.64,TRADE
NSW1,2018/01/06 19:30:00,10093.85,90.67,TRADE
NSW1,2018/01/06 20:00:00,10036.89,83.52,TRADE
NSW1,2018/01/06 20:30:00,9855.58,82.10,TRADE
NSW1,2018/01/06 21:00:00,9528.61,71.18,TRADE
NSW1,2018/01/06 21:30:00,9265.29,71.51,TRADE
NSW1,2018/01/06 22:00:00,8969.26,62.67,TRADE
NSW1,2018/01/06 22:30:00,8730.45,66.20,TRADE
NSW1,2018/01/06 23:00:00,8405.13,63.63,TRADE
NSW1,2018/01/06 23:30:00,8034.19,63.81,TRADE
NSW1,2018/01/07 00:00:00,7729.58,55.05,TRADE
NSW1,2018/01/07 00:30:00,7415.47,63.84,TRADE
NSW1,2018/01/07 01:00:00,7216.02,66.54,TRADE
NSW1,2018/01/07 01:30:00,6899.91,56.17,TRADE
NSW1,2018/01/07 02:00:00,6684.92,54.99,TRADE
NSW1,2018/01/07 02:30:00,6564.1,55,TRADE
NSW1,2018/01/07 03:00:00,6513.63,54.32,TRADE
NSW1,2018/01/07 03:30:00,6448.53,55,TRADE
NSW1,2018/01/07 04:00:00,6377.96,54.01,TRADE
NSW1,2018/01/07 04:30:00,6374.2,53.65,TRADE
NSW1,2018/01/07 05:00:00,6353.69,50.58,TRADE
NSW1,2018/01/07 05:30:00,6389.83,53.56,TRADE
NSW1,2018/01/07 06:00:00,6489.96,54.98,TRADE
NSW1,2018/01/07 06:30:00,6755.66,54.65,TRADE
NSW1,2018/01/07 07:00:00,7063.49,55.14,TRADE
NSW1,2018/01/07 07:30:00,7481.68,59.75,TRADE
NSW1,2018/01/07 08:00:00,7880.58,64.43,TRADE
NSW1,2018/01/07 08:30:00,8408.23,68.85,TRADE
NSW1,2018/01/07 09:00:00,8904.77,68.76,TRADE
NSW1,2018/01/07 09:30:00,9480.91,69,TRADE
NSW1,2018/01/07 10:00:00,9915.59,76.31,TRADE
NSW1,2018/01/07 10:30:00,10297.62,79.51,TRADE
NSW1,2018/01/07 11:00:00,10632.42,84.41,TRADE
NSW1,2018/01/07 11:30:00,10833.18,78.16,TRADE
NSW1,2018/01/07 12:00:00,11019.88,94.91,TRADE
NSW1,2018/01/07 12:30:00,11227.32,95.42,TRADE
NSW1,2018/01/07 13:00:00,11415.44,94.28,TRADE
NSW1,2018/01/07 13:30:00,11538.73,94.55,TRADE
NSW1,2018/01/07 14:00:00,11630.27,96.50,TRADE
NSW1,2018/01/07 14:30:00,11751.71,101.55,TRADE
NSW1,2018/01/07 15:00:00,11883.36,116.13,TRADE
NSW1,2018/01/07 15:30:00,12022.31,124.22,TRADE
NSW1,2018/01/07 16:00:00,12098.5,123.01,TRADE
NSW1,2018/01/07 16:30:00,12084.27,133.41,TRADE
NSW1,2018/01/07 17:00:00,12230.57,146.69,TRADE
NSW1,2018/01/07 17:30:00,12021.05,122.89,TRADE
NSW1,2018/01/07 18:00:00,11788.88,107.37,TRADE
NSW1,2018/01/07 18:30:00,11379.66,96.76,TRADE
NSW1,2018/01/07 19:00:00,11025.88,110.40,TRADE
NSW1,2018/01/07 19:30:00,10699.48,99.37,TRADE
NSW1,2018/01/07 20:00:00,10500.09,91.93,TRADE
NSW1,2018/01/07 20:30:00,10241.09,87.21,TRADE
NSW1,2018/01/07 21:00:00,9788.08,80.59,TRADE
NSW1,2018/01/07 21:30:00,9444.77,75.01,TRADE
NSW1,2018/01/07 22:00:00,9135.71,64.41,TRADE
NSW1,2018/01/07 22:30:00,8828.83,87.88,TRADE
NSW1,2018/01/07 23:00:00,8448.45,80.17,TRADE
NSW1,2018/01/07 23:30:00,8085.12,64.73,TRADE
NSW1,2018/01/08 00:00:00,7890.98,60.75,TRADE
NSW1,2018/01/08 00:30:00,7641.48,75.58,TRADE
NSW1,2018/01/08 01:00:00,7367.35,75.68,TRADE
NSW1,2018/01/08 01:30:00,7000.75,56.93,TRADE
NSW1,2018/01/08 02:00:00,6796.19,54.78,TRADE
NSW1,2018/01/08 02:30:00,6757.94,54.68,TRADE
NSW1,2018/01/08 03:00:00,6714.42,54.84,TRADE
NSW1,2018/01/08 03:30:00,6770.79,54.99,TRADE
NSW1,2018/01/08 04:00:00,6811.19,54.98,TRADE
NSW1,2018/01/08 04:30:00,6962.23,55.28,TRADE
NSW1,2018/01/08 05:00:00,7131.61,61.77,TRADE
NSW1,2018/01/08 05:30:00,7493.16,64.93,TRADE
NSW1,2018/01/08 06:00:00,7893.7,63.52,TRADE
NSW1,2018/01/08 06:30:00,8283.58,65.75,TRADE
NSW1,2018/01/08 07:00:00,8768.46,79.30,TRADE
NSW1,2018/01/08 07:30:00,9117.54,74.86,TRADE
NSW1,2018/01/08 08:00:00,9440.42,79.43,TRADE
NSW1,2018/01/08 08:30:00,9671.71,83.94,TRADE
NSW1,2018/01/08 09:00:00,9837.54,85.40,TRADE
NSW1,2018/01/08 09:30:00,10020.58,84.83,TRADE
NSW1,2018/01/08 10:00:00,10227.82,85.53,TRADE
NSW1,2018/01/08 10:30:00,10390.69,91.44,TRADE
NSW1,2018/01/08 11:00:00,10614.45,99.43,TRADE
NSW1,2018/01/08 11:30:00,10748.03,95.23,TRADE
NSW1,2018/01/08 12:00:00,10882.88,94.34,TRADE
NSW1,2018/01/08 12:30:00,11169.31,103.01,TRADE
NSW1,2018/01/08 13:00:00,11387.35,108.01,TRADE
NSW1,2018/01/08 13:30:00,11694.5,113.84,TRADE
NSW1,2018/01/08 14:00:00,11735.67,108.22,TRADE
NSW1,2018/01/08 14:30:00,11937.04,100.07,TRADE
NSW1,2018/01/08 15:00:00,12087.21,105.34,TRADE
NSW1,2018/01/08 15:30:00,12088.8,98.47,TRADE
NSW1,2018/01/08 16:00:00,12074.11,104.75,TRADE
NSW1,2018/01/08 16:30:00,11923.99,100.84,TRADE
NSW1,2018/01/08 17:00:00,11658.7,101.19,TRADE
NSW1,2018/01/08 17:30:00,11237.98,90.70,TRADE
NSW1,2018/01/08 18:00:00,11119.9,91.80,TRADE
NSW1,2018/01/08 18:30:00,10819.54,88.70,TRADE
NSW1,2018/01/08 19:00:00,10576.93,89.24,TRADE
NSW1,2018/01/08 19:30:00,10476.65,91.50,TRADE
NSW1,2018/01/08 20:00:00,10344.17,91.14,TRADE
NSW1,2018/01/08 20:30:00,10099.21,90.45,TRADE
NSW1,2018/01/08 21:00:00,9751.26,87.39,TRADE
NSW1,2018/01/08 21:30:00,9523.54,87.30,TRADE
NSW1,2018/01/08 22:00:00,9115.1,77.91,TRADE
NSW1,2018/01/08 22:30:00,8919.67,84.64,TRADE
NSW1,2018/01/08 23:00:00,8563.93,82.39,TRADE
NSW1,2018/01/08 23:30:00,8240.65,84.84,TRADE
NSW1,2018/01/09 00:00:00,8004.25,80.26,TRADE
NSW1,2018/01/09 00:30:00,7788.11,78.68,TRADE
NSW1,2018/01/09 01:00:00,7562.77,75.60,TRADE
NSW1,2018/01/09 01:30:00,7275.13,76.81,TRADE
NSW1,2018/01/09 02:00:00,7123.09,75.82,TRADE
NSW1,2018/01/09 02:30:00,7018.4,68.66,TRADE
NSW1,2018/01/09 03:00:00,6957.36,66.49,TRADE
NSW1,2018/01/09 03:30:00,6928.04,59.73,TRADE
NSW1,2018/01/09 04:00:00,6881.68,56.65,TRADE
NSW1,2018/01/09 04:30:00,6979.35,55.27,TRADE
NSW1,2018/01/09 05:00:00,7108.59,58.11,TRADE
NSW1,2018/01/09 05:30:00,7600.49,56.26,TRADE
NSW1,2018/01/09 06:00:00,7953.28,55.64,TRADE
NSW1,2018/01/09 06:30:00,8332.46,64.28,TRADE
NSW1,2018/01/09 07:00:00,8706.83,67.89,TRADE
NSW1,2018/01/09 07:30:00,9084.45,69.02,TRADE
NSW1,2018/01/09 08:00:00,9231.1,69.71,TRADE
NSW1,2018/01/09 08:30:00,9315.93,69.03,TRADE
NSW1,2018/01/09 09:00:00,9424.29,69.57,TRADE
NSW1,2018/01/09 09:30:00,9519.54,72.21,TRADE
NSW1,2018/01/09 10:00:00,9461.92,70.25,TRADE
NSW1,2018/01/09 10:30:00,9478.62,72.46,TRADE
NSW1,2018/01/09 11:00:00,9529.27,82.59,TRADE
NSW1,2018/01/09 11:30:00,9466.53,84.29,TRADE
NSW1,2018/01/09 12:00:00,9416.22,84.72,TRADE
NSW1,2018/01/09 12:30:00,9617.96,83.84,TRADE
NSW1,2018/01/09 13:00:00,9807.11,85.54,TRADE
NSW1,2018/01/09 13:30:00,9845.16,83.83,TRADE
NSW1,2018/01/09 14:00:00,9868.53,70.27,TRADE
NSW1,2018/01/09 14:30:00,10105.37,75.87,TRADE
NSW1,2018/01/09 15:00:00,10278.28,75.52,TRADE
NSW1,2018/01/09 15:30:00,10366.95,75.02,TRADE
NSW1,2018/01/09 16:00:00,10536.96,84.13,TRADE
NSW1,2018/01/09 16:30:00,10633.95,88.33,TRADE
NSW1,2018/01/09 17:00:00,10903.51,121.38,TRADE
NSW1,2018/01/09 17:30:00,10695.83,103.05,TRADE
NSW1,2018/01/09 18:00:00,10507.51,104.97,TRADE
NSW1,2018/01/09 18:30:00,10175.39,79.35,TRADE
NSW1,2018/01/09 19:00:00,9728.14,78.02,TRADE
NSW1,2018/01/09 19:30:00,9455.42,72.85,TRADE
NSW1,2018/01/09 20:00:00,9224.96,73.20,TRADE
NSW1,2018/01/09 20:30:00,8911.79,76.25,TRADE
NSW1,2018/01/09 21:00:00,8590.92,69.23,TRADE
NSW1,2018/01/09 21:30:00,8454.11,70.54,TRADE
NSW1,2018/01/09 22:00:00,8113.43,63.97,TRADE
NSW1,2018/01/09 22:30:00,8024.88,70.13,TRADE
NSW1,2018/01/09 23:00:00,7810.33,67.29,TRADE
NSW1,2018/01/09 23:30:00,7635.8,70.14,TRADE
NSW1,2018/01/10 00:00:00,7445.24,64.18,TRADE
NSW1,2018/01/10 00:30:00,7274.84,61.30,TRADE
NSW1,2018/01/10 01:00:00,7070.97,58.96,TRADE
NSW1,2018/01/10 01:30:00,6743.85,56.62,TRADE
NSW1,2018/01/10 02:00:00,6560.48,53.30,TRADE
NSW1,2018/01/10 02:30:00,6463.16,55.18,TRADE
NSW1,2018/01/10 03:00:00,6407.56,54.98,TRADE
NSW1,2018/01/10 03:30:00,6394.4,58.77,TRADE
NSW1,2018/01/10 04:00:00,6428.12,55.08,TRADE
NSW1,2018/01/10 04:30:00,6587.03,59.19,TRADE
NSW1,2018/01/10 05:00:00,6729.14,55.01,TRADE
NSW1,2018/01/10 05:30:00,7066.99,61.49,TRADE
NSW1,2018/01/10 06:00:00,7414.68,60.93,TRADE
NSW1,2018/01/10 06:30:00,7732.38,65.77,TRADE
NSW1,2018/01/10 07:00:00,8059.08,83.67,TRADE
NSW1,2018/01/10 07:30:00,8302.72,81.56,TRADE
NSW1,2018/01/10 08:00:00,8442.11,69.79,TRADE
NSW1,2018/01/10 08:30:00,8534.47,78.67,TRADE
NSW1,2018/01/10 09:00:00,8478.27,82.62,TRADE
NSW1,2018/01/10 09:30:00,8521.85,84.59,TRADE
NSW1,2018/01/10 10:00:00,8576.07,86.18,TRADE
NSW1,2018/01/10 10:30:00,8513.57,86.67,TRADE
NSW1,2018/01/10 11:00:00,8494.75,87.74,TRADE
NSW1,2018/01/10 11:30:00,8452.41,87.84,TRADE
NSW1,2018/01/10 12:00:00,8436.55,86.66,TRADE
NSW1,2018/01/10 12:30:00,8474.76,83.50,TRADE
NSW1,2018/01/10 13:00:00,8493.65,78.60,TRADE
NSW1,2018/01/10 13:30:00,8515.47,77.86,TRADE
NSW1,2018/01/10 14:00:00,8572.78,77.95,TRADE
NSW1,2018/01/10 14:30:00,8629.35,80.25,TRADE
NSW1,2018/01/10 15:00:00,8756.94,85.04,TRADE
NSW1,2018/01/10 15:30:00,8825.94,75.78,TRADE
NSW1,2018/01/10 16:00:00,8894.42,73.61,TRADE
NSW1,2018/01/10 16:30:00,8899.02,74.53,TRADE
NSW1,2018/01/10 17:00:00,8940.55,78.33,TRADE
NSW1,2018/01/10 17:30:00,8811.03,73.43,TRADE
NSW1,2018/01/10 18:00:00,8725.05,72.78,TRADE
NSW1,2018/01/10 18:30:00,8566.31,70.53,TRADE
NSW1,2018/01/10 19:00:00,8487.31,67.48,TRADE
NSW1,2018/01/10 19:30:00,8481.25,72.36,TRADE
NSW1,2018/01/10 20:00:00,8472.81,67.82,TRADE
NSW1,2018/01/10 20:30:00,8291.41,63.09,TRADE
NSW1,2018/01/10 21:00:00,8106.1,63.12,TRADE
NSW1,2018/01/10 21:30:00,8014.38,58.49,TRADE
NSW1,2018/01/10 22:00:00,7808.11,57.46,TRADE
NSW1,2018/01/10 22:30:00,7774.41,63.85,TRADE
NSW1,2018/01/10 23:00:00,7629.84,58.10,TRADE
NSW1,2018/01/10 23:30:00,7440.22,59.69,TRADE
NSW1,2018/01/11 00:00:00,7279.31,56.87,TRADE
NSW1,2018/01/11 00:30:00,7090.21,63,TRADE
NSW1,2018/01/11 01:00:00,6870.47,55.61,TRADE
NSW1,2018/01/11 01:30:00,6554.16,55.66,TRADE
NSW1,2018/01/11 02:00:00,6334.39,64.56,TRADE
NSW1,2018/01/11 02:30:00,6287.94,61.63,TRADE
NSW1,2018/01/11 03:00:00,6237.67,58.63,TRADE
NSW1,2018/01/11 03:30:00,6260.34,61.47,TRADE
NSW1,2018/01/11 04:00:00,6348,59.11,TRADE
NSW1,2018/01/11 04:30:00,6521.91,63.36,TRADE
NSW1,2018/01/11 05:00:00,6706.56,58.47,TRADE
NSW1,2018/01/11 05:30:00,7067.41,58.14,TRADE
NSW1,2018/01/11 06:00:00,7353.47,61.63,TRADE
NSW1,2018/01/11 06:30:00,7720.45,61.97,TRADE
NSW1,2018/01/11 07:00:00,8056.27,64.33,TRADE
NSW1,2018/01/11 07:30:00,8233.79,59.28,TRADE
NSW1,2018/01/11 08:00:00,8473.3,63.68,TRADE
NSW1,2018/01/11 08:30:00,8608.74,66.24,TRADE
NSW1,2018/01/11 09:00:00,8603.93,66.90,TRADE
NSW1,2018/01/11 09:30:00,8709.97,68.95,TRADE
NSW1,2018/01/11 10:00:00,8745.1,71.05,TRADE
NSW1,2018/01/11 10:30:00,8762.81,71.30,TRADE
NSW1,2018/01/11 11:00:00,8808.2,74.66,TRADE
NSW1,2018/01/11 11:30:00,8828.91,76.76,TRADE
NSW1,2018/01/11 12:00:00,8799.74,89.82,TRADE
NSW1,2018/01/11 12:30:00,8856.18,91.66,TRADE
NSW1,2018/01/11 13:00:00,8872.07,87.20,TRADE
NSW1,2018/01/11 13:30:00,8918.06,87.83,TRADE
NSW1,2018/01/11 14:00:00,8967.75,96.46,TRADE
NSW1,2018/01/11 14:30:00,8993.58,95.62,TRADE
NSW1,2018/01/11 15:00:00,9021.54,88.53,TRADE
NSW1,2018/01/11 15:30:00,9114.5,94.53,TRADE
NSW1,2018/01/11 16:00:00,9298.49,149.96,TRADE
NSW1,2018/01/11 16:30:00,9346.24,83.59,TRADE
NSW1,2018/01/11 17:00:00,9454.55,97.34,TRADE
NSW1,2018/01/11 17:30:00,9319.6,95.28,TRADE
NSW1,2018/01/11 18:00:00,9351.92,96.41,TRADE
NSW1,2018/01/11 18:30:00,9221.7,89.73,TRADE
NSW1,2018/01/11 19:00:00,9087.74,96.06,TRADE
NSW1,2018/01/11 19:30:00,9034.36,93.97,TRADE
NSW1,2018/01/11 20:00:00,9001.03,77.52,TRADE
NSW1,2018/01/11 20:30:00,8744.78,69.32,TRADE
NSW1,2018/01/11 21:00:00,8470.45,68.42,TRADE
NSW1,2018/01/11 21:30:00,8432.69,74.52,TRADE
NSW1,2018/01/11 22:00:00,8324.15,71.03,TRADE
NSW1,2018/01/11 22:30:00,8267.08,89.66,TRADE
NSW1,2018/01/11 23:00:00,8096.27,82.61,TRADE
NSW1,2018/01/11 23:30:00,7901.34,73.45,TRADE
NSW1,2018/01/12 00:00:00,7670.15,64.81,TRADE
NSW1,2018/01/12 00:30:00,7517.11,78.78,TRADE
NSW1,2018/01/12 01:00:00,7298.88,72.99,TRADE
NSW1,2018/01/12 01:30:00,6994.12,63.95,TRADE
NSW1,2018/01/12 02:00:00,6841.51,79.47,TRADE
NSW1,2018/01/12 02:30:00,6701.65,82.19,TRADE
NSW1,2018/01/12 03:00:00,6569.67,83.63,TRADE
NSW1,2018/01/12 03:30:00,6596.08,83.54,TRADE
NSW1,2018/01/12 04:00:00,6631.65,78.50,TRADE
NSW1,2018/01/12 04:30:00,6786.44,68.68,TRADE
NSW1,2018/01/12 05:00:00,6932.05,66.72,TRADE
NSW1,2018/01/12 05:30:00,7395.42,63.15,TRADE
NSW1,2018/01/12 06:00:00,7692.31,64.78,TRADE
NSW1,2018/01/12 06:30:00,8083.25,75.33,TRADE
NSW1,2018/01/12 07:00:00,8445.31,87.72,TRADE
NSW1,2018/01/12 07:30:00,8701.44,84.75,TRADE
NSW1,2018/01/12 08:00:00,8924.34,82.83,TRADE
NSW1,2018/01/12 08:30:00,9091.42,81.02,TRADE
NSW1,2018/01/12 09:00:00,9175.78,81.34,TRADE
NSW1,2018/01/12 09:30:00,9272.22,84.74,TRADE
NSW1,2018/01/12 10:00:00,9438.46,87.14,TRADE
NSW1,2018/01/12 10:30:00,9416.9,86.54,TRADE
NSW1,2018/01/12 11:00:00,9459.61,91.73,TRADE
NSW1,2018/01/12 11:30:00,9402.07,84.19,TRADE
NSW1,2018/01/12 12:00:00,9616.38,87.15,TRADE
NSW1,2018/01/12 12:30:00,9863.27,91.81,TRADE
NSW1,2018/01/12 13:00:00,10011.5,95.34,TRADE
NSW1,2018/01/12 13:30:00,10231.73,100.41,TRADE
NSW1,2018/01/12 14:00:00,10496.42,117.28,TRADE
NSW1,2018/01/12 14:30:00,10716.54,123.52,TRADE
NSW1,2018/01/12 15:00:00,10919.08,114.38,TRADE
NSW1,2018/01/12 15:30:00,11093.44,117.35,TRADE
NSW1,2018/01/12 16:00:00,11238.51,128,TRADE
NSW1,2018/01/12 16:30:00,11333.28,120.38,TRADE
NSW1,2018/01/12 17:00:00,11309.55,111.78,TRADE
NSW1,2018/01/12 17:30:00,11090.93,103.45,TRADE
NSW1,2018/01/12 18:00:00,10943.73,94.85,TRADE
NSW1,2018/01/12 18:30:00,10725.58,94.70,TRADE
NSW1,2018/01/12 19:00:00,10427.51,96.95,TRADE
NSW1,2018/01/12 19:30:00,10297.65,98.98,TRADE
NSW1,2018/01/12 20:00:00,10203.82,99.45,TRADE
NSW1,2018/01/12 20:30:00,10037.23,93.83,TRADE
NSW1,2018/01/12 21:00:00,9699.21,89.14,TRADE
NSW1,2018/01/12 21:30:00,9584.71,87.72,TRADE
NSW1,2018/01/12 22:00:00,9274.89,80.99,TRADE
NSW1,2018/01/12 22:30:00,9071.08,83.63,TRADE
NSW1,2018/01/12 23:00:00,8872.05,85.83,TRADE
NSW1,2018/01/12 23:30:00,8532.92,75.86,TRADE
NSW1,2018/01/13 00:00:00,8247.19,63.35,TRADE
NSW1,2018/01/13 00:30:00,7992.38,65.78,TRADE
NSW1,2018/01/13 01:00:00,7713.05,69.76,TRADE
NSW1,2018/01/13 01:30:00,7247.51,66.62,TRADE
NSW1,2018/01/13 02:00:00,7041.63,67.36,TRADE
NSW1,2018/01/13 02:30:00,6886.88,67.68,TRADE
NSW1,2018/01/13 03:00:00,6759.34,66.29,TRADE
NSW1,2018/01/13 03:30:00,6698.31,61.45,TRADE
NSW1,2018/01/13 04:00:00,6680.97,62.77,TRADE
NSW1,2018/01/13 04:30:00,6727.34,58.67,TRADE
NSW1,2018/01/13 05:00:00,6728.52,58.64,TRADE
NSW1,2018/01/13 05:30:00,6868.55,59.56,TRADE
NSW1,2018/01/13 06:00:00,6973.38,60.47,TRADE
NSW1,2018/01/13 06:30:00,7249.75,66.89,TRADE
NSW1,2018/01/13 07:00:00,7537.27,65.71,TRADE
NSW1,2018/01/13 07:30:00,7847.98,66.29,TRADE
NSW1,2018/01/13 08:00:00,8107.1,68.29,TRADE
NSW1,2018/01/13 08:30:00,8438.88,75.83,TRADE
NSW1,2018/01/13 09:00:00,8532.06,81.74,TRADE
NSW1,2018/01/13 09:30:00,8722.35,85.65,TRADE
NSW1,2018/01/13 10:00:00,8905.54,85.56,TRADE
NSW1,2018/01/13 10:30:00,9052.04,88.76,TRADE
NSW1,2018/01/13 11:00:00,9224.46,94.30,TRADE
NSW1,2018/01/13 11:30:00,9284.29,87.92,TRADE
NSW1,2018/01/13 12:00:00,9461.65,81.74,TRADE
NSW1,2018/01/13 12:30:00,9538.88,75.69,TRADE
NSW1,2018/01/13 13:00:00,9556.87,75.35,TRADE
NSW1,2018/01/13 13:30:00,9550.27,76.47,TRADE
NSW1,2018/01/13 14:00:00,9462.95,60.89,TRADE
NSW1,2018/01/13 14:30:00,9524.51,57.24,TRADE
NSW1,2018/01/13 15:00:00,9485.62,67.83,TRADE
NSW1,2018/01/13 15:30:00,9504.64,70.24,TRADE
NSW1,2018/01/13 16:00:00,9511.35,65.58,TRADE
NSW1,2018/01/13 16:30:00,9322.35,56.59,TRADE
NSW1,2018/01/13 17:00:00,9232.39,65.17,TRADE
NSW1,2018/01/13 17:30:00,9138.59,60.71,TRADE
NSW1,2018/01/13 18:00:00,9015.26,68.03,TRADE
NSW1,2018/01/13 18:30:00,8812.3,62.09,TRADE
NSW1,2018/01/13 19:00:00,8577.82,57.54,TRADE
NSW1,2018/01/13 19:30:00,8423.17,65.18,TRADE
NSW1,2018/01/13 20:00:00,8455.05,68.90,TRADE
NSW1,2018/01/13 20:30:00,8327.95,69.08,TRADE
NSW1,2018/01/13 21:00:00,8146.46,69,TRADE
NSW1,2018/01/13 21:30:00,8014.96,70.13,TRADE
NSW1,2018/01/13 22:00:00,7709.23,61.01,TRADE
NSW1,2018/01/13 22:30:00,7626.08,67.08,TRADE
NSW1,2018/01/13 23:00:00,7429.9,64.79,TRADE
NSW1,2018/01/13 23:30:00,7252.44,68.02,TRADE
NSW1,2018/01/14 00:00:00,7063.12,56.98,TRADE
NSW1,2018/01/14 00:30:00,6902.46,57.19,TRADE
NSW1,2018/01/14 01:00:00,6732.56,55.81,TRADE
NSW1,2018/01/14 01:30:00,6463.21,52.12,TRADE
NSW1,2018/01/14 02:00:00,6214.21,55.21,TRADE
NSW1,2018/01/14 02:30:00,6073.03,58.11,TRADE
NSW1,2018/01/14 03:00:00,6058.25,59.18,TRADE
NSW1,2018/01/14 03:30:00,6033.35,60.21,TRADE
NSW1,2018/01/14 04:00:00,6035.61,62.67,TRADE
NSW1,2018/01/14 04:30:00,6034.88,55.79,TRADE
NSW1,2018/01/14 05:00:00,6058.33,55.07,TRADE
NSW1,2018/01/14 05:30:00,6092.88,55.09,TRADE
NSW1,2018/01/14 06:00:00,6107.84,55.08,TRADE
NSW1,2018/01/14 06:30:00,6268.41,52.46,TRADE
NSW1,2018/01/14 07:00:00,6391.77,55.59,TRADE
NSW1,2018/01/14 07:30:00,6545.24,53.66,TRADE
NSW1,2018/01/14 08:00:00,6623.39,51.05,TRADE
NSW1,2018/01/14 08:30:00,6760.47,49.55,TRADE
NSW1,2018/01/14 09:00:00,6775.62,54.98,TRADE
NSW1,2018/01/14 09:30:00,6776.25,55.01,TRADE
NSW1,2018/01/14 10:00:00,6787.1,54.65,TRADE
NSW1,2018/01/14 10:30:00,6680.69,54.10,TRADE
NSW1,2018/01/14 11:00:00,6678.71,54.81,TRADE
NSW1,2018/01/14 11:30:00,6689.69,52.96,TRADE
NSW1,2018/01/14 12:00:00,6591.88,47.01,TRADE
NSW1,2018/01/14 12:30:00,6600.61,47.93,TRADE
NSW1,2018/01/14 13:00:00,6609.8,49.35,TRADE
NSW1,2018/01/14 13:30:00,6613.66,48.62,TRADE
NSW1,2018/01/14 14:00:00,6610.69,53.97,TRADE
NSW1,2018/01/14 14:30:00,6717.1,54.67,TRADE
NSW1,2018/01/14 15:00:00,6792.23,54.98,TRADE
NSW1,2018/01/14 15:30:00,6874.91,54.98,TRADE
NSW1,2018/01/14 16:00:00,7075.7,56.38,TRADE
NSW1,2018/01/14 16:30:00,7127.91,55.69,TRADE
NSW1,2018/01/14 17:00:00,7247.23,55.44,TRADE
NSW1,2018/01/14 17:30:00,7405.38,55.46,TRADE
NSW1,2018/01/14 18:00:00,7479.26,55.38,TRADE
NSW1,2018/01/14 18:30:00,7455.91,56.47,TRADE
NSW1,2018/01/14 19:00:00,7424.49,55.56,TRADE
NSW1,2018/01/14 19:30:00,7475.48,56.26,TRADE
NSW1,2018/01/14 20:00:00,7608.04,60.48,TRADE
NSW1,2018/01/14 20:30:00,7492.27,57.03,TRADE
NSW1,2018/01/14 21:00:00,7301.36,55.50,TRADE
NSW1,2018/01/14 21:30:00,7221.54,55.82,TRADE
NSW1,2018/01/14 22:00:00,7168.42,57.32,TRADE
NSW1,2018/01/14 22:30:00,7087.55,59.33,TRADE
NSW1,2018/01/14 23:00:00,6930.08,56.64,TRADE
NSW1,2018/01/14 23:30:00,6798.62,55.27,TRADE
NSW1,2018/01/15 00:00:00,6686.76,55.85,TRADE
NSW1,2018/01/15 00:30:00,6556.62,57.85,TRADE
NSW1,2018/01/15 01:00:00,6402.14,54.38,TRADE
NSW1,2018/01/15 01:30:00,6164.8,54.40,TRADE
NSW1,2018/01/15 02:00:00,6031.76,56.87,TRADE
NSW1,2018/01/15 02:30:00,5957.69,66.75,TRADE
NSW1,2018/01/15 03:00:00,5928.88,67.39,TRADE
NSW1,2018/01/15 03:30:00,5910.06,68.53,TRADE
NSW1,2018/01/15 04:00:00,6005.73,68.91,TRADE
NSW1,2018/01/15 04:30:00,6261.64,59.78,TRADE
NSW1,2018/01/15 05:00:00,6453.91,57.71,TRADE
NSW1,2018/01/15 05:30:00,6789.68,57.55,TRADE
NSW1,2018/01/15 06:00:00,7174.05,58.80,TRADE
NSW1,2018/01/15 06:30:00,7403.03,58.13,TRADE
NSW1,2018/01/15 07:00:00,7620.36,59.58,TRADE
NSW1,2018/01/15 07:30:00,7836.55,60,TRADE
NSW1,2018/01/15 08:00:00,7856.41,59.72,TRADE
NSW1,2018/01/15 08:30:00,7889.31,60.60,TRADE
NSW1,2018/01/15 09:00:00,7890.2,60.89,TRADE
NSW1,2018/01/15 09:30:00,7899.89,59.88,TRADE
NSW1,2018/01/15 10:00:00,7895.83,59.54,TRADE
NSW1,2018/01/15 10:30:00,7854.67,58.90,TRADE
NSW1,2018/01/15 11:00:00,7854.55,59.29,TRADE
NSW1,2018/01/15 11:30:00,7839.93,60.35,TRADE
NSW1,2018/01/15 12:00:00,7863.62,59.54,TRADE
NSW1,2018/01/15 12:30:00,7901.79,60.30,TRADE
NSW1,2018/01/15 13:00:00,7889.48,59.80,TRADE
NSW1,2018/01/15 13:30:00,7931.27,62.11,TRADE
NSW1,2018/01/15 14:00:00,7896.68,61.89,TRADE
NSW1,2018/01/15 14:30:00,7933.69,61.15,TRADE
NSW1,2018/01/15 15:00:00,8085.39,61.63,TRADE
NSW1,2018/01/15 15:30:00,8140.32,65.37,TRADE
NSW1,2018/01/15 16:00:00,8292.67,71.68,TRADE
NSW1,2018/01/15 16:30:00,8415.46,69.29,TRADE
NSW1,2018/01/15 17:00:00,8508.66,73.67,TRADE
NSW1,2018/01/15 17:30:00,8440.41,69.90,TRADE
NSW1,2018/01/15 18:00:00,8545.31,78.07,TRADE
NSW1,2018/01/15 18:30:00,8409.68,73.93,TRADE
NSW1,2018/01/15 19:00:00,8315.5,76.73,TRADE
NSW1,2018/01/15 19:30:00,8265.34,77.58,TRADE
NSW1,2018/01/15 20:00:00,8272.21,78.95,TRADE
NSW1,2018/01/15 20:30:00,8242.73,75.93,TRADE
NSW1,2018/01/15 21:00:00,7992.97,61.56,TRADE
NSW1,2018/01/15 21:30:00,7923.31,60.15,TRADE
NSW1,2018/01/15 22:00:00,7721.34,63.81,TRADE
NSW1,2018/01/15 22:30:00,7655.07,68.23,TRADE
NSW1,2018/01/15 23:00:00,7581.28,67.59,TRADE
NSW1,2018/01/15 23:30:00,7375.96,63.62,TRADE
NSW1,2018/01/16 00:00:00,7243.53,59.73,TRADE
NSW1,2018/01/16 00:30:00,7080.37,59.71,TRADE
NSW1,2018/01/16 01:00:00,6919.86,56.36,TRADE
NSW1,2018/01/16 01:30:00,6587.73,56.88,TRADE
NSW1,2018/01/16 02:00:00,6362.73,57.50,TRADE
NSW1,2018/01/16 02:30:00,6245.71,60.62,TRADE
NSW1,2018/01/16 03:00:00,6136.08,55.74,TRADE
NSW1,2018/01/16 03:30:00,6173.51,56.89,TRADE
NSW1,2018/01/16 04:00:00,6239.22,63.18,TRADE
NSW1,2018/01/16 04:30:00,6439.59,64.17,TRADE
NSW1,2018/01/16 05:00:00,6687.69,65.36,TRADE
NSW1,2018/01/16 05:30:00,7054.65,58.40,TRADE
NSW1,2018/01/16 06:00:00,7353.66,59.82,TRADE
NSW1,2018/01/16 06:30:00,7653.17,63.53,TRADE
NSW1,2018/01/16 07:00:00,7821.41,61.67,TRADE
NSW1,2018/01/16 07:30:00,7905.22,64.45,TRADE
NSW1,2018/01/16 08:00:00,8021.87,62.83,TRADE
NSW1,2018/01/16 08:30:00,8108.53,62.68,TRADE
NSW1,2018/01/16 09:00:00,8055.21,60.43,TRADE
NSW1,2018/01/16 09:30:00,8124.81,60.80,TRADE
NSW1,2018/01/16 10:00:00,8164.92,71.24,TRADE
NSW1,2018/01/16 10:30:00,7984.52,66.15,TRADE
NSW1,2018/01/16 11:00:00,8052.72,68.45,TRADE
NSW1,2018/01/16 11:30:00,7927.23,62.95,TRADE
NSW1,2018/01/16 12:00:00,7836.14,61.43,TRADE
NSW1,2018/01/16 12:30:00,7834.38,66.41,TRADE
NSW1,2018/01/16 13:00:00,7849.04,67.75,TRADE
NSW1,2018/01/16 13:30:00,7797.59,66.05,TRADE
NSW1,2018/01/16 14:00:00,7766.9,66.37,TRADE
NSW1,2018/01/16 14:30:00,7841.17,67.29,TRADE
NSW1,2018/01/16 15:00:00,7857.28,67.37,TRADE
NSW1,2018/01/16 15:30:00,7953.03,68.74,TRADE
NSW1,2018/01/16 16:00:00,8174.56,70,TRADE
NSW1,2018/01/16 16:30:00,8234.04,75.95,TRADE
NSW1,2018/01/16 17:00:00,8384.03,81.06,TRADE
NSW1,2018/01/16 17:30:00,8300.15,77.34,TRADE
NSW1,2018/01/16 18:00:00,8334.29,74.66,TRADE
NSW1,2018/01/16 18:30:00,8241.96,69,TRADE
NSW1,2018/01/16 19:00:00,8087.71,69.81,TRADE
NSW1,2018/01/16 19:30:00,8072.14,69,TRADE
NSW1,2018/01/16 20:00:00,8098.33,69.53,TRADE
NSW1,2018/01/16 20:30:00,7986.59,65.77,TRADE
NSW1,2018/01/16 21:00:00,7749.98,59.50,TRADE
NSW1,2018/01/16 21:30:00,7645.66,56.56,TRADE
NSW1,2018/01/16 22:00:00,7532.86,57.33,TRADE
NSW1,2018/01/16 22:30:00,7535.96,59.93,TRADE
NSW1,2018/01/16 23:00:00,7430.43,62.29,TRADE
NSW1,2018/01/16 23:30:00,7254.78,59.05,TRADE
NSW1,2018/01/17 00:00:00,7137.99,58.10,TRADE
NSW1,2018/01/17 00:30:00,6978.12,60.05,TRADE
NSW1,2018/01/17 01:00:00,6808.91,58.19,TRADE
NSW1,2018/01/17 01:30:00,6497.96,59.62,TRADE
NSW1,2018/01/17 02:00:00,6256.61,66.37,TRADE
NSW1,2018/01/17 02:30:00,6130.63,68.91,TRADE
NSW1,2018/01/17 03:00:00,6048.27,70,TRADE
NSW1,2018/01/17 03:30:00,6024.45,69.38,TRADE
NSW1,2018/01/17 04:00:00,6049.44,68.02,TRADE
NSW1,2018/01/17 04:30:00,6258.73,67.15,TRADE
NSW1,2018/01/17 05:00:00,6438.31,66.52,TRADE
NSW1,2018/01/17 05:30:00,6817.72,64.40,TRADE
NSW1,2018/01/17 06:00:00,7163.78,61.34,TRADE
NSW1,2018/01/17 06:30:00,7412.66,65.27,TRADE
NSW1,2018/01/17 07:00:00,7636.86,67,TRADE
NSW1,2018/01/17 07:30:00,7782.48,68.12,TRADE
NSW1,2018/01/17 08:00:00,7834.2,68.38,TRADE
NSW1,2018/01/17 08:30:00,7933.52,68.84,TRADE
NSW1,2018/01/17 09:00:00,7864,68.59,TRADE
NSW1,2018/01/17 09:30:00,7907.12,68.75,TRADE
NSW1,2018/01/17 10:00:00,7843.79,67.27,TRADE
NSW1,2018/01/17 10:30:00,7827.93,67.95,TRADE
NSW1,2018/01/17 11:00:00,7816.56,68.24,TRADE
NSW1,2018/01/17 11:30:00,7795.97,67.98,TRADE
NSW1,2018/01/17 12:00:00,7849.33,68.75,TRADE
NSW1,2018/01/17 12:30:00,7859.91,68.91,TRADE
NSW1,2018/01/17 13:00:00,7888.56,69.40,TRADE
NSW1,2018/01/17 13:30:00,7917.81,69,TRADE
NSW1,2018/01/17 14:00:00,8020.21,69,TRADE
NSW1,2018/01/17 14:30:00,8082.73,69,TRADE
NSW1,2018/01/17 15:00:00,8202.41,76.84,TRADE
NSW1,2018/01/17 15:30:00,8310.33,85.81,TRADE
NSW1,2018/01/17 16:00:00,8436.84,87.72,TRADE
NSW1,2018/01/17 16:30:00,8583.22,87.15,TRADE
NSW1,2018/01/17 17:00:00,8696.55,90.55,TRADE
NSW1,2018/01/17 17:30:00,8685.77,89.25,TRADE
NSW1,2018/01/17 18:00:00,8688.95,85.82,TRADE
NSW1,2018/01/17 18:30:00,8540.71,86.15,TRADE
NSW1,2018/01/17 19:00:00,8376.55,83.38,TRADE
NSW1,2018/01/17 19:30:00,8282.01,78.78,TRADE
NSW1,2018/01/17 20:00:00,8274.48,73.01,TRADE
NSW1,2018/01/17 20:30:00,8097.35,66.27,TRADE
NSW1,2018/01/17 21:00:00,7879.08,61.03,TRADE
NSW1,2018/01/17 21:30:00,7793.89,64.15,TRADE
NSW1,2018/01/17 22:00:00,7572.13,59.52,TRADE
NSW1,2018/01/17 22:30:00,7537.01,64.29,TRADE
NSW1,2018/01/17 23:00:00,7405.28,64.34,TRADE
NSW1,2018/01/17 23:30:00,7222.41,65.70,TRADE
NSW1,2018/01/18 00:00:00,7087.71,63.21,TRADE
NSW1,2018/01/18 00:30:00,6932.87,60.81,TRADE
NSW1,2018/01/18 01:00:00,6718.33,60.79,TRADE
NSW1,2018/01/18 01:30:00,6399.56,61.50,TRADE
NSW1,2018/01/18 02:00:00,6204.43,67.31,TRADE
NSW1,2018/01/18 02:30:00,6119.6,67.50,TRADE
NSW1,2018/01/18 03:00:00,6078.85,66.56,TRADE
NSW1,2018/01/18 03:30:00,6062.57,67.11,TRADE
NSW1,2018/01/18 04:00:00,6120.12,67.43,TRADE
NSW1,2018/01/18 04:30:00,6298.69,64.64,TRADE
NSW1,2018/01/18 05:00:00,6483.04,70.54,TRADE
NSW1,2018/01/18 05:30:00,6844.21,72.66,TRADE
NSW1,2018/01/18 06:00:00,7190.16,60.92,TRADE
NSW1,2018/01/18 06:30:00,7466.04,58.32,TRADE
NSW1,2018/01/18 07:00:00,7681.34,58.90,TRADE
NSW1,2018/01/18 07:30:00,7837.38,59.77,TRADE
NSW1,2018/01/18 08:00:00,7943.21,67.53,TRADE
NSW1,2018/01/18 08:30:00,8049.32,65.77,TRADE
NSW1,2018/01/18 09:00:00,8086.23,68.31,TRADE
NSW1,2018/01/18 09:30:00,8136.59,64.82,TRADE
NSW1,2018/01/18 10:00:00,8132.32,66.22,TRADE
NSW1,2018/01/18 10:30:00,8185.48,66.16,TRADE
NSW1,2018/01/18 11:00:00,8260.19,68.23,TRADE
NSW1,2018/01/18 11:30:00,8293.97,67.30,TRADE
NSW1,2018/01/18 12:00:00,8310.57,65.94,TRADE
NSW1,2018/01/18 12:30:00,8469.93,68.98,TRADE
NSW1,2018/01/18 13:00:00,8578.01,80.70,TRADE
NSW1,2018/01/18 13:30:00,8741.83,82.34,TRADE
NSW1,2018/01/18 14:00:00,8899.54,88.77,TRADE
NSW1,2018/01/18 14:30:00,9111.56,95.40,TRADE
NSW1,2018/01/18 15:00:00,9358.21,93.02,TRADE
NSW1,2018/01/18 15:30:00,9485.16,78.98,TRADE
NSW1,2018/01/18 16:00:00,9713.07,154,TRADE
NSW1,2018/01/18 16:30:00,9785.82,131.51,TRADE
NSW1,2018/01/18 17:00:00,9965.65,234.86,TRADE
NSW1,2018/01/18 17:30:00,9869.63,131.97,TRADE
NSW1,2018/01/18 18:00:00,9827.1,84.91,TRADE
NSW1,2018/01/18 18:30:00,9600.84,89.58,TRADE
NSW1,2018/01/18 19:00:00,9341.85,80.02,TRADE
NSW1,2018/01/18 19:30:00,9162.34,73.98,TRADE
NSW1,2018/01/18 20:00:00,9124.26,77,TRADE
NSW1,2018/01/18 20:30:00,8890.34,67.05,TRADE
NSW1,2018/01/18 21:00:00,8499.74,66.66,TRADE
NSW1,2018/01/18 21:30:00,8408.81,75.15,TRADE
NSW1,2018/01/18 22:00:00,8117.41,62.03,TRADE
NSW1,2018/01/18 22:30:00,8006.16,63.98,TRADE
NSW1,2018/01/18 23:00:00,7785.53,60.12,TRADE
NSW1,2018/01/18 23:30:00,7581.4,58.30,TRADE
NSW1,2018/01/19 00:00:00,7397.27,59.98,TRADE
NSW1,2018/01/19 00:30:00,7225.77,63.66,TRADE
NSW1,2018/01/19 01:00:00,7070.51,61.96,TRADE
NSW1,2018/01/19 01:30:00,6768.32,56.88,TRADE
NSW1,2018/01/19 02:00:00,6532.61,60.90,TRADE
NSW1,2018/01/19 02:30:00,6359.8,62.25,TRADE
NSW1,2018/01/19 03:00:00,6318.74,64.78,TRADE
NSW1,2018/01/19 03:30:00,6321.01,63.93,TRADE
NSW1,2018/01/19 04:00:00,6397.98,67.13,TRADE
NSW1,2018/01/19 04:30:00,6564.44,68.66,TRADE
NSW1,2018/01/19 05:00:00,6760.28,68.80,TRADE
NSW1,2018/01/19 05:30:00,7093.91,62.55,TRADE
NSW1,2018/01/19 06:00:00,7425.83,67.67,TRADE
NSW1,2018/01/19 06:30:00,7784.05,68,TRADE
NSW1,2018/01/19 07:00:00,8006.33,66.94,TRADE
NSW1,2018/01/19 07:30:00,8215.32,56.65,TRADE
NSW1,2018/01/19 08:00:00,8329.73,66.60,TRADE
NSW1,2018/01/19 08:30:00,8489.24,70.57,TRADE
NSW1,2018/01/19 09:00:00,8557.94,72.34,TRADE
NSW1,2018/01/19 09:30:00,8642.39,74,TRADE
NSW1,2018/01/19 10:00:00,8822.04,79.58,TRADE
NSW1,2018/01/19 10:30:00,8974.65,87.61,TRADE
NSW1,2018/01/19 11:00:00,9158.9,91.31,TRADE
NSW1,2018/01/19 11:30:00,9315.25,78.09,TRADE
NSW1,2018/01/19 12:00:00,9510.92,119.25,TRADE
NSW1,2018/01/19 12:30:00,9798.28,100.54,TRADE
NSW1,2018/01/19 13:00:00,10006.14,97.21,TRADE
NSW1,2018/01/19 13:30:00,10291.26,103.32,TRADE
NSW1,2018/01/19 14:00:00,10431.57,105.20,TRADE
NSW1,2018/01/19 14:30:00,10588.56,103.27,TRADE
NSW1,2018/01/19 15:00:00,10644.85,83.53,TRADE
NSW1,2018/01/19 15:30:00,10773.75,109.69,TRADE
NSW1,2018/01/19 16:00:00,10921.92,122.25,TRADE
NSW1,2018/01/19 16:30:00,10874.55,115.49,TRADE
NSW1,2018/01/19 17:00:00,10819.66,107.74,TRADE
NSW1,2018/01/19 17:30:00,10557.72,89.64,TRADE
NSW1,2018/01/19 18:00:00,10415.41,80.66,TRADE
NSW1,2018/01/19 18:30:00,10128.19,85,TRADE
NSW1,2018/01/19 19:00:00,9748.89,85.34,TRADE
NSW1,2018/01/19 19:30:00,9457.63,68.03,TRADE
NSW1,2018/01/19 20:00:00,9337.51,67.68,TRADE
NSW1,2018/01/19 20:30:00,9069.09,65.58,TRADE
NSW1,2018/01/19 21:00:00,8685.75,54.32,TRADE
NSW1,2018/01/19 21:30:00,8548.12,55.84,TRADE
NSW1,2018/01/19 22:00:00,8305.12,54.85,TRADE
NSW1,2018/01/19 22:30:00,8153.41,64.73,TRADE
NSW1,2018/01/19 23:00:00,7986.18,56.05,TRADE
NSW1,2018/01/19 23:30:00,7676.62,54.57,TRADE
NSW1,2018/01/20 00:00:00,7476.92,54.98,TRADE
NSW1,2018/01/20 00:30:00,7250.85,63.12,TRADE
NSW1,2018/01/20 01:00:00,6982.02,73.96,TRADE
NSW1,2018/01/20 01:30:00,6708.9,59.93,TRADE
NSW1,2018/01/20 02:00:00,6451.81,64.96,TRADE
NSW1,2018/01/20 02:30:00,6334.72,85.58,TRADE
NSW1,2018/01/20 03:00:00,6215.9,88.53,TRADE
NSW1,2018/01/20 03:30:00,6158.42,85.75,TRADE
NSW1,2018/01/20 04:00:00,6187.01,76.50,TRADE
NSW1,2018/01/20 04:30:00,6226.97,66,TRADE
NSW1,2018/01/20 05:00:00,6320.6,59.81,TRADE
NSW1,2018/01/20 05:30:00,6422.44,61.84,TRADE
NSW1,2018/01/20 06:00:00,6588.95,60.38,TRADE
NSW1,2018/01/20 06:30:00,6785.18,59.69,TRADE
NSW1,2018/01/20 07:00:00,6992.17,61.14,TRADE
NSW1,2018/01/20 07:30:00,7264.24,59.06,TRADE
NSW1,2018/01/20 08:00:00,7499.45,63.77,TRADE
NSW1,2018/01/20 08:30:00,7764.43,64.92,TRADE
NSW1,2018/01/20 09:00:00,7845.24,66.75,TRADE
NSW1,2018/01/20 09:30:00,7919.5,58.07,TRADE
NSW1,2018/01/20 10:00:00,8051.76,60.75,TRADE
NSW1,2018/01/20 10:30:00,8181.05,65.02,TRADE
NSW1,2018/01/20 11:00:00,8390.49,68.34,TRADE
NSW1,2018/01/20 11:30:00,8497.01,66.71,TRADE
NSW1,2018/01/20 12:00:00,8672.3,68.33,TRADE
NSW1,2018/01/20 12:30:00,8900.31,71.09,TRADE
NSW1,2018/01/20 13:00:00,9110.19,80.24,TRADE
NSW1,2018/01/20 13:30:00,9310.55,87.16,TRADE
NSW1,2018/01/20 14:00:00,9483.2,88.34,TRADE
NSW1,2018/01/20 14:30:00,9686.56,87.32,TRADE
NSW1,2018/01/20 15:00:00,9826.6,95.37,TRADE
NSW1,2018/01/20 15:30:00,9939.47,96.33,TRADE
NSW1,2018/01/20 16:00:00,9960.26,89.89,TRADE
NSW1,2018/01/20 16:30:00,9925.71,85.49,TRADE
NSW1,2018/01/20 17:00:00,9947.59,86.07,TRADE
NSW1,2018/01/20 17:30:00,9901.24,86.71,TRADE
NSW1,2018/01/20 18:00:00,9846.62,87.64,TRADE
NSW1,2018/01/20 18:30:00,9623.73,86.38,TRADE
NSW1,2018/01/20 19:00:00,9367.33,86.97,TRADE
NSW1,2018/01/20 19:30:00,9192.61,82.03,TRADE
NSW1,2018/01/20 20:00:00,9129.57,84.14,TRADE
NSW1,2018/01/20 20:30:00,8959.53,83.29,TRADE
NSW1,2018/01/20 21:00:00,8685.62,72.76,TRADE
NSW1,2018/01/20 21:30:00,8470,69,TRADE
NSW1,2018/01/20 22:00:00,8249.05,66.64,TRADE
NSW1,2018/01/20 22:30:00,8118.24,70.44,TRADE
NSW1,2018/01/20 23:00:00,7750.07,64.04,TRADE
NSW1,2018/01/20 23:30:00,7535.98,60.49,TRADE
NSW1,2018/01/21 00:00:00,7311.11,58.17,TRADE
NSW1,2018/01/21 00:30:00,7136.58,56.32,TRADE
NSW1,2018/01/21 01:00:00,6958.21,60.45,TRADE
NSW1,2018/01/21 01:30:00,6690.66,62.08,TRADE
NSW1,2018/01/21 02:00:00,6506.61,63.35,TRADE
NSW1,2018/01/21 02:30:00,6373.41,67.22,TRADE
NSW1,2018/01/21 03:00:00,6317.95,68.84,TRADE
NSW1,2018/01/21 03:30:00,6205.63,56.99,TRADE
NSW1,2018/01/21 04:00:00,6197.55,57.08,TRADE
NSW1,2018/01/21 04:30:00,6257.89,56.67,TRADE
NSW1,2018/01/21 05:00:00,6265.4,58.30,TRADE
NSW1,2018/01/21 05:30:00,6340.05,60.31,TRADE
NSW1,2018/01/21 06:00:00,6371.81,55.44,TRADE
NSW1,2018/01/21 06:30:00,6590.06,61.56,TRADE
NSW1,2018/01/21 07:00:00,6768.99,58.95,TRADE
NSW1,2018/01/21 07:30:00,7037.8,63.18,TRADE
NSW1,2018/01/21 08:00:00,7273.68,66.84,TRADE
NSW1,2018/01/21 08:30:00,7468.79,64.33,TRADE
NSW1,2018/01/21 09:00:00,7678.24,69.86,TRADE
NSW1,2018/01/21 09:30:00,7912.08,68.99,TRADE
NSW1,2018/01/21 10:00:00,8049.8,75.97,TRADE
NSW1,2018/01/21 10:30:00,8214.28,83.87,TRADE
NSW1,2018/01/21 11:00:00,8448.81,81.83,TRADE
NSW1,2018/01/21 11:30:00,8555.97,70.29,TRADE
NSW1,2018/01/21 12:00:00,8802.63,77.03,TRADE
NSW1,2018/01/21 12:30:00,9052.64,93.44,TRADE
NSW1,2018/01/21 13:00:00,9170.81,92.39,TRADE
NSW1,2018/01/21 13:30:00,9350.11,93.72,TRADE
NSW1,2018/01/21 14:00:00,9562.07,103.23,TRADE
NSW1,2018/01/21 14:30:00,9796.25,121.46,TRADE
NSW1,2018/01/21 15:00:00,9953.68,134.99,TRADE
NSW1,2018/01/21 15:30:00,10106.89,110.85,TRADE
NSW1,2018/01/21 16:00:00,10306.69,117.75,TRADE
NSW1,2018/01/21 16:30:00,10335.68,120.36,TRADE
NSW1,2018/01/21 17:00:00,10487.65,114.04,TRADE
NSW1,2018/01/21 17:30:00,10462.59,148.64,TRADE
NSW1,2018/01/21 18:00:00,10467.29,153.31,TRADE
NSW1,2018/01/21 18:30:00,10208.29,132.63,TRADE
NSW1,2018/01/21 19:00:00,9928.87,123.46,TRADE
NSW1,2018/01/21 19:30:00,9788.82,100.38,TRADE
NSW1,2018/01/21 20:00:00,9662.85,87.25,TRADE
NSW1,2018/01/21 20:30:00,9372.63,84,TRADE
NSW1,2018/01/21 21:00:00,9018.96,73.94,TRADE
NSW1,2018/01/21 21:30:00,8731.9,66.90,TRADE
NSW1,2018/01/21 22:00:00,8369.95,64.68,TRADE
NSW1,2018/01/21 22:30:00,8230.96,72.01,TRADE
NSW1,2018/01/21 23:00:00,7906.78,64.76,TRADE
NSW1,2018/01/21 23:30:00,7601.69,58.86,TRADE
NSW1,2018/01/22 00:00:00,7381.58,56.98,TRADE
NSW1,2018/01/22 00:30:00,7127.57,56.53,TRADE
NSW1,2018/01/22 01:00:00,6965.96,55.27,TRADE
NSW1,2018/01/22 01:30:00,6709.57,56.67,TRADE
NSW1,2018/01/22 02:00:00,6573.97,66.90,TRADE
NSW1,2018/01/22 02:30:00,6487.78,68.51,TRADE
NSW1,2018/01/22 03:00:00,6449.08,70.97,TRADE
NSW1,2018/01/22 03:30:00,6398.31,68.10,TRADE
NSW1,2018/01/22 04:00:00,6481.18,60.15,TRADE
NSW1,2018/01/22 04:30:00,6705.65,57.18,TRADE
NSW1,2018/01/22 05:00:00,6907.59,59.91,TRADE
NSW1,2018/01/22 05:30:00,7274.28,59.78,TRADE
NSW1,2018/01/22 06:00:00,7734.44,66.95,TRADE
NSW1,2018/01/22 06:30:00,8172.42,68.31,TRADE
NSW1,2018/01/22 07:00:00,8533.08,84.13,TRADE
NSW1,2018/01/22 07:30:00,8774.65,71.51,TRADE
NSW1,2018/01/22 08:00:00,9010.5,76.07,TRADE
NSW1,2018/01/22 08:30:00,9261.07,86.61,TRADE
NSW1,2018/01/22 09:00:00,9435.26,90.39,TRADE
NSW1,2018/01/22 09:30:00,9715.7,103.74,TRADE
NSW1,2018/01/22 10:00:00,9996.32,106.90,TRADE
NSW1,2018/01/22 10:30:00,10205.65,111.90,TRADE
NSW1,2018/01/22 11:00:00,10468.95,136.39,TRADE
NSW1,2018/01/22 11:30:00,10709.91,105.31,TRADE
NSW1,2018/01/22 12:00:00,11044.67,110.99,TRADE
NSW1,2018/01/22 12:30:00,11272.31,102.08,TRADE
NSW1,2018/01/22 13:00:00,11599.24,107.27,TRADE
NSW1,2018/01/22 13:30:00,11712.78,104.06,TRADE
NSW1,2018/01/22 14:00:00,11928.56,114.56,TRADE
NSW1,2018/01/22 14:30:00,12112.34,115.45,TRADE
NSW1,2018/01/22 15:00:00,12305.5,115.85,TRADE
NSW1,2018/01/22 15:30:00,12426.46,150.74,TRADE
NSW1,2018/01/22 16:00:00,12494.58,156.43,TRADE
NSW1,2018/01/22 16:30:00,12403.1,127.89,TRADE
NSW1,2018/01/22 17:00:00,12221.02,113.24,TRADE
NSW1,2018/01/22 17:30:00,11795.45,97.01,TRADE
NSW1,2018/01/22 18:00:00,11568.05,92.02,TRADE
NSW1,2018/01/22 18:30:00,11236.74,90.43,TRADE
NSW1,2018/01/22 19:00:00,10881.57,91.33,TRADE
NSW1,2018/01/22 19:30:00,10654.03,91.97,TRADE
NSW1,2018/01/22 20:00:00,10486.26,92.14,TRADE
NSW1,2018/01/22 20:30:00,10162.48,90.64,TRADE
NSW1,2018/01/22 21:00:00,9756.58,85.20,TRADE
NSW1,2018/01/22 21:30:00,9404.53,77.27,TRADE
NSW1,2018/01/22 22:00:00,9063.06,70.63,TRADE
NSW1,2018/01/22 22:30:00,8790.08,91.76,TRADE
NSW1,2018/01/22 23:00:00,8485.78,74.33,TRADE
NSW1,2018/01/22 23:30:00,8123.24,59.10,TRADE
NSW1,2018/01/23 00:00:00,7967.51,57.74,TRADE
NSW1,2018/01/23 00:30:00,7720.76,55.97,TRADE
NSW1,2018/01/23 01:00:00,7496.52,59.59,TRADE
NSW1,2018/01/23 01:30:00,7232.38,57.76,TRADE
NSW1,2018/01/23 02:00:00,6998.02,57.04,TRADE
NSW1,2018/01/23 02:30:00,6912.6,67.28,TRADE
NSW1,2018/01/23 03:00:00,6841.26,65.63,TRADE
NSW1,2018/01/23 03:30:00,6894.45,67.29,TRADE
NSW1,2018/01/23 04:00:00,6897.54,64.88,TRADE
NSW1,2018/01/23 04:30:00,7140.66,67.46,TRADE
NSW1,2018/01/23 05:00:00,7296.79,60.93,TRADE
NSW1,2018/01/23 05:30:00,7808.73,61.18,TRADE
NSW1,2018/01/23 06:00:00,8173.05,63,TRADE
NSW1,2018/01/23 06:30:00,8540.24,70.39,TRADE
NSW1,2018/01/23 07:00:00,8934.35,79.53,TRADE
NSW1,2018/01/23 07:30:00,9231.35,73.02,TRADE
NSW1,2018/01/23 08:00:00,9430.91,79.65,TRADE
NSW1,2018/01/23 08:30:00,9626.01,91.17,TRADE
NSW1,2018/01/23 09:00:00,9714.67,103.13,TRADE
NSW1,2018/01/23 09:30:00,9824.51,98.95,TRADE
NSW1,2018/01/23 10:00:00,9771.44,99.72,TRADE
NSW1,2018/01/23 10:30:00,9907.89,100.20,TRADE
NSW1,2018/01/23 11:00:00,9958.41,98.92,TRADE
NSW1,2018/01/23 11:30:00,9929.85,96.28,TRADE
NSW1,2018/01/23 12:00:00,10032.79,98.76,TRADE
NSW1,2018/01/23 12:30:00,10108.75,99.30,TRADE
NSW1,2018/01/23 13:00:00,10131.25,96.34,TRADE
NSW1,2018/01/23 13:30:00,10174.74,92.10,TRADE
NSW1,2018/01/23 14:00:00,10245.95,94.25,TRADE
NSW1,2018/01/23 14:30:00,10302.46,94.51,TRADE
NSW1,2018/01/23 15:00:00,10397.33,93.63,TRADE
NSW1,2018/01/23 15:30:00,10501.05,103.25,TRADE
NSW1,2018/01/23 16:00:00,10641.91,108.30,TRADE
NSW1,2018/01/23 16:30:00,10626.25,104.02,TRADE
NSW1,2018/01/23 17:00:00,10672.4,107.98,TRADE
NSW1,2018/01/23 17:30:00,10479.36,95.58,TRADE
NSW1,2018/01/23 18:00:00,10514.15,99.54,TRADE
NSW1,2018/01/23 18:30:00,10371.46,95.17,TRADE
NSW1,2018/01/23 19:00:00,10204.32,104.43,TRADE
NSW1,2018/01/23 19:30:00,10179.6,106.22,TRADE
NSW1,2018/01/23 20:00:00,10133.9,104.14,TRADE
NSW1,2018/01/23 20:30:00,9871.6,90.08,TRADE
NSW1,2018/01/23 21:00:00,9384,67.94,TRADE
NSW1,2018/01/23 21:30:00,9225.65,84.01,TRADE
NSW1,2018/01/23 22:00:00,8789.31,73.38,TRADE
NSW1,2018/01/23 22:30:00,8678.7,80.83,TRADE
NSW1,2018/01/23 23:00:00,8427.25,79.29,TRADE
NSW1,2018/01/23 23:30:00,8129.47,68.94,TRADE
NSW1,2018/01/24 00:00:00,7886.45,52.58,TRADE
NSW1,2018/01/24 00:30:00,7750.49,70.44,TRADE
NSW1,2018/01/24 01:00:00,7483,70.39,TRADE
NSW1,2018/01/24 01:30:00,7174.32,79.96,TRADE
NSW1,2018/01/24 02:00:00,6907.25,81.58,TRADE
NSW1,2018/01/24 02:30:00,6764.62,79.34,TRADE
NSW1,2018/01/24 03:00:00,6703.03,76.16,TRADE
NSW1,2018/01/24 03:30:00,6705.95,74.40,TRADE
NSW1,2018/01/24 04:00:00,6751.82,74.48,TRADE
NSW1,2018/01/24 04:30:00,6977.01,72.28,TRADE
NSW1,2018/01/24 05:00:00,7195.31,68.58,TRADE
NSW1,2018/01/24 05:30:00,7605.89,56.76,TRADE
NSW1,2018/01/24 06:00:00,7921.44,58.53,TRADE
NSW1,2018/01/24 06:30:00,8287.95,65.92,TRADE
NSW1,2018/01/24 07:00:00,8650.43,79.05,TRADE
NSW1,2018/01/24 07:30:00,8962.57,84.61,TRADE
NSW1,2018/01/24 08:00:00,9171.04,83.06,TRADE
NSW1,2018/01/24 08:30:00,9455.34,93.16,TRADE
NSW1,2018/01/24 09:00:00,9663.67,95.26,TRADE
NSW1,2018/01/24 09:30:00,9847.21,100.85,TRADE
NSW1,2018/01/24 10:00:00,9962.65,96.16,TRADE
NSW1,2018/01/24 10:30:00,10152.97,104.34,TRADE
NSW1,2018/01/24 11:00:00,10379.75,109.39,TRADE
NSW1,2018/01/24 11:30:00,10482.86,107.41,TRADE
NSW1,2018/01/24 12:00:00,10744.5,106.83,TRADE
NSW1,2018/01/24 12:30:00,10956.53,113.30,TRADE
NSW1,2018/01/24 13:00:00,11052.72,121.17,TRADE
NSW1,2018/01/24 13:30:00,11136.79,123,TRADE
NSW1,2018/01/24 14:00:00,11332.76,125.62,TRADE
NSW1,2018/01/24 14:30:00,11430.26,124.20,TRADE
NSW1,2018/01/24 15:00:00,11557.21,135.68,TRADE
NSW1,2018/01/24 15:30:00,11587.96,118,TRADE
NSW1,2018/01/24 16:00:00,11587.92,125.67,TRADE
NSW1,2018/01/24 16:30:00,11397.7,116,TRADE
NSW1,2018/01/24 17:00:00,11261.01,108.29,TRADE
NSW1,2018/01/24 17:30:00,10970.19,97.91,TRADE
NSW1,2018/01/24 18:00:00,10809.74,89.54,TRADE
NSW1,2018/01/24 18:30:00,10533.35,84.95,TRADE
NSW1,2018/01/24 19:00:00,10326.25,90.58,TRADE
NSW1,2018/01/24 19:30:00,10231.28,91.59,TRADE
NSW1,2018/01/24 20:00:00,10115.34,92.89,TRADE
NSW1,2018/01/24 20:30:00,9883.52,95.42,TRADE
NSW1,2018/01/24 21:00:00,9522.25,82.58,TRADE
NSW1,2018/01/24 21:30:00,9373.73,85.71,TRADE
NSW1,2018/01/24 22:00:00,9037.46,84.82,TRADE
NSW1,2018/01/24 22:30:00,8853.45,81.76,TRADE
NSW1,2018/01/24 23:00:00,8565.66,83.65,TRADE
NSW1,2018/01/24 23:30:00,8252.71,75.26,TRADE
NSW1,2018/01/25 00:00:00,8032.02,71.53,TRADE
NSW1,2018/01/25 00:30:00,7816.35,83.59,TRADE
NSW1,2018/01/25 01:00:00,7547.29,70.88,TRADE
NSW1,2018/01/25 01:30:00,7247.24,73.23,TRADE
NSW1,2018/01/25 02:00:00,7098.21,82.07,TRADE
NSW1,2018/01/25 02:30:00,6930.7,80.81,TRADE
NSW1,2018/01/25 03:00:00,6873.25,85.70,TRADE
NSW1,2018/01/25 03:30:00,6824.58,83.20,TRADE
NSW1,2018/01/25 04:00:00,6908.03,86.48,TRADE
NSW1,2018/01/25 04:30:00,7100.06,88.31,TRADE
NSW1,2018/01/25 05:00:00,7293.38,90.97,TRADE
NSW1,2018/01/25 05:30:00,7705.93,84.45,TRADE
NSW1,2018/01/25 06:00:00,8001.49,68.75,TRADE
NSW1,2018/01/25 06:30:00,8416.72,69.99,TRADE
NSW1,2018/01/25 07:00:00,8798.58,90.33,TRADE
NSW1,2018/01/25 07:30:00,9126.99,90.46,TRADE
NSW1,2018/01/25 08:00:00,9354.23,93.02,TRADE
NSW1,2018/01/25 08:30:00,9496.35,80,TRADE
NSW1,2018/01/25 09:00:00,9586.57,83.95,TRADE
NSW1,2018/01/25 09:30:00,9624.8,88.31,TRADE
NSW1,2018/01/25 10:00:00,9703.43,93.90,TRADE
NSW1,2018/01/25 10:30:00,9786.53,89.58,TRADE
NSW1,2018/01/25 11:00:00,9876.45,88.84,TRADE
NSW1,2018/01/25 11:30:00,10026.52,102.98,TRADE
NSW1,2018/01/25 12:00:00,10281.26,102.41,TRADE
NSW1,2018/01/25 12:30:00,10374.03,96.59,TRADE
NSW1,2018/01/25 13:00:00,10397.62,97.24,TRADE
NSW1,2018/01/25 13:30:00,10272.4,101.31,TRADE
NSW1,2018/01/25 14:00:00,10287.19,100.03,TRADE
NSW1,2018/01/25 14:30:00,10423.52,111.82,TRADE
NSW1,2018/01/25 15:00:00,10556.93,111.36,TRADE
NSW1,2018/01/25 15:30:00,10562.91,97.22,TRADE
NSW1,2018/01/25 16:00:00,10583.31,89.77,TRADE
NSW1,2018/01/25 16:30:00,10415.89,63.70,TRADE
NSW1,2018/01/25 17:00:00,10405.02,81.58,TRADE
NSW1,2018/01/25 17:30:00,10152.6,85.02,TRADE
NSW1,2018/01/25 18:00:00,10076.2,89.24,TRADE
NSW1,2018/01/25 18:30:00,9895.26,83.41,TRADE
NSW1,2018/01/25 19:00:00,9734.5,84.05,TRADE
NSW1,2018/01/25 19:30:00,9610.23,83.91,TRADE
NSW1,2018/01/25 20:00:00,9566.03,84.96,TRADE
NSW1,2018/01/25 20:30:00,9338.24,83.69,TRADE
NSW1,2018/01/25 21:00:00,9031.65,70.37,TRADE
NSW1,2018/01/25 21:30:00,8926.42,75.07,TRADE
NSW1,2018/01/25 22:00:00,8697.18,76.22,TRADE
NSW1,2018/01/25 22:30:00,8607.92,84.02,TRADE
NSW1,2018/01/25 23:00:00,8315.71,82.85,TRADE
NSW1,2018/01/25 23:30:00,8066.68,83.98,TRADE
NSW1,2018/01/26 00:00:00,7776.33,71.33,TRADE
NSW1,2018/01/26 00:30:00,7590.09,68.64,TRADE
NSW1,2018/01/26 01:00:00,7362.77,65.20,TRADE
NSW1,2018/01/26 01:30:00,7014.59,63.93,TRADE
NSW1,2018/01/26 02:00:00,6772.97,56,TRADE
NSW1,2018/01/26 02:30:00,6643.58,63.63,TRADE
NSW1,2018/01/26 03:00:00,6551.16,56.59,TRADE
NSW1,2018/01/26 03:30:00,6480.52,55.49,TRADE
NSW1,2018/01/26 04:00:00,6468.23,56.09,TRADE
NSW1,2018/01/26 04:30:00,6578.58,57.68,TRADE
NSW1,2018/01/26 05:00:00,6633.75,57.77,TRADE
NSW1,2018/01/26 05:30:00,6774.41,57.85,TRADE
NSW1,2018/01/26 06:00:00,6891.32,56.03,TRADE
NSW1,2018/01/26 06:30:00,7107.5,58.44,TRADE
NSW1,2018/01/26 07:00:00,7339.4,65.45,TRADE
NSW1,2018/01/26 07:30:00,7612.51,59.84,TRADE
NSW1,2018/01/26 08:00:00,7854.11,60.42,TRADE
NSW1,2018/01/26 08:30:00,8092.51,62.28,TRADE
NSW1,2018/01/26 09:00:00,8363.87,67.32,TRADE
NSW1,2018/01/26 09:30:00,8495.91,70.10,TRADE
NSW1,2018/01/26 10:00:00,8646.32,74.91,TRADE
NSW1,2018/01/26 10:30:00,8707.77,78.02,TRADE
NSW1,2018/01/26 11:00:00,8775.43,74.49,TRADE
NSW1,2018/01/26 11:30:00,8875.05,67.99,TRADE
NSW1,2018/01/26 12:00:00,9036.23,76.45,TRADE
NSW1,2018/01/26 12:30:00,9109.58,82.57,TRADE
NSW1,2018/01/26 13:00:00,9209.45,91.52,TRADE
NSW1,2018/01/26 13:30:00,9352.17,93.29,TRADE
NSW1,2018/01/26 14:00:00,9521.1,103.14,TRADE
NSW1,2018/01/26 14:30:00,9689.78,103.25,TRADE
NSW1,2018/01/26 15:00:00,9849.58,98.26,TRADE
NSW1,2018/01/26 15:30:00,9888.58,99.06,TRADE
NSW1,2018/01/26 16:00:00,9993.97,101.08,TRADE
NSW1,2018/01/26 16:30:00,9892.04,92.59,TRADE
NSW1,2018/01/26 17:00:00,9824.33,92.48,TRADE
NSW1,2018/01/26 17:30:00,9583.61,85.50,TRADE
NSW1,2018/01/26 18:00:00,9498.09,94.30,TRADE
NSW1,2018/01/26 18:30:00,9384.94,96.62,TRADE
NSW1,2018/01/26 19:00:00,9284.71,87.29,TRADE
NSW1,2018/01/26 19:30:00,9222.07,91.15,TRADE
NSW1,2018/01/26 20:00:00,9230.96,89.06,TRADE
NSW1,2018/01/26 20:30:00,9087.49,80.79,TRADE
NSW1,2018/01/26 21:00:00,8929.65,80.07,TRADE
NSW1,2018/01/26 21:30:00,8857.06,84.34,TRADE
NSW1,2018/01/26 22:00:00,8631.18,81.22,TRADE
NSW1,2018/01/26 22:30:00,8495.45,93.97,TRADE
NSW1,2018/01/26 23:00:00,8303.84,89.97,TRADE
NSW1,2018/01/26 23:30:00,8038.87,75.72,TRADE
NSW1,2018/01/27 00:00:00,7835.02,78.98,TRADE
NSW1,2018/01/27 00:30:00,7589.08,67.60,TRADE
NSW1,2018/01/27 01:00:00,7359.32,68.24,TRADE
NSW1,2018/01/27 01:30:00,7042.62,59.03,TRADE
NSW1,2018/01/27 02:00:00,6787.33,58.24,TRADE
NSW1,2018/01/27 02:30:00,6691.05,58.44,TRADE
NSW1,2018/01/27 03:00:00,6627.21,60.13,TRADE
NSW1,2018/01/27 03:30:00,6565.61,64.33,TRADE
NSW1,2018/01/27 04:00:00,6539.61,58.21,TRADE
NSW1,2018/01/27 04:30:00,6602.34,64.04,TRADE
NSW1,2018/01/27 05:00:00,6634.64,58.74,TRADE
NSW1,2018/01/27 05:30:00,6802.27,60.63,TRADE
NSW1,2018/01/27 06:00:00,6897.24,59.11,TRADE
NSW1,2018/01/27 06:30:00,7200.22,63.86,TRADE
NSW1,2018/01/27 07:00:00,7433.79,65.72,TRADE
NSW1,2018/01/27 07:30:00,7781.96,57.23,TRADE
NSW1,2018/01/27 08:00:00,8179.25,59.76,TRADE
NSW1,2018/01/27 08:30:00,8421.71,65.31,TRADE
NSW1,2018/01/27 09:00:00,8574.54,75.26,TRADE
NSW1,2018/01/27 09:30:00,8885.19,105.54,TRADE
NSW1,2018/01/27 10:00:00,9050.23,105.55,TRADE
NSW1,2018/01/27 10:30:00,9179.81,104.34,TRADE
NSW1,2018/01/27 11:00:00,9347.34,103.42,TRADE
NSW1,2018/01/27 11:30:00,9505.58,107.46,TRADE
NSW1,2018/01/27 12:00:00,9641.34,121.42,TRADE
NSW1,2018/01/27 12:30:00,9748.67,114.17,TRADE
NSW1,2018/01/27 13:00:00,9798.03,122.34,TRADE
NSW1,2018/01/27 13:30:00,9929.31,138.92,TRADE
NSW1,2018/01/27 14:00:00,9998.82,136.99,TRADE
NSW1,2018/01/27 14:30:00,10140.2,109.09,TRADE
NSW1,2018/01/27 15:00:00,10294.49,107.46,TRADE
NSW1,2018/01/27 15:30:00,10292.9,110.15,TRADE
NSW1,2018/01/27 16:00:00,10388.62,127.20,TRADE
NSW1,2018/01/27 16:30:00,10345.07,137.26,TRADE
NSW1,2018/01/27 17:00:00,10338.91,123.83,TRADE
NSW1,2018/01/27 17:30:00,10136.96,119.33,TRADE
NSW1,2018/01/27 18:00:00,9912.51,101.42,TRADE
NSW1,2018/01/27 18:30:00,9708.3,93.17,TRADE
NSW1,2018/01/27 19:00:00,9583.23,95.21,TRADE
NSW1,2018/01/27 19:30:00,9616.94,91.56,TRADE
NSW1,2018/01/27 20:00:00,9497.9,86.60,TRADE
NSW1,2018/01/27 20:30:00,9345.79,83.57,TRADE
NSW1,2018/01/27 21:00:00,9116.59,65.90,TRADE
NSW1,2018/01/27 21:30:00,8958.55,58.62,TRADE
NSW1,2018/01/27 22:00:00,8728.83,58.18,TRADE
NSW1,2018/01/27 22:30:00,8593.37,74.40,TRADE
NSW1,2018/01/27 23:00:00,8305.12,65.63,TRADE
NSW1,2018/01/27 23:30:00,7996.62,69.98,TRADE
NSW1,2018/01/28 00:00:00,7832.44,63.14,TRADE
NSW1,2018/01/28 00:30:00,7564.27,56.35,TRADE
NSW1,2018/01/28 01:00:00,7408.02,61.59,TRADE
NSW1,2018/01/28 01:30:00,7107.76,60.27,TRADE
NSW1,2018/01/28 02:00:00,6901.08,66.11,TRADE
NSW1,2018/01/28 02:30:00,6803.3,58.13,TRADE
NSW1,2018/01/28 03:00:00,6672.96,58.69,TRADE
NSW1,2018/01/28 03:30:00,6630.6,59.34,TRADE
NSW1,2018/01/28 04:00:00,6629.47,60.01,TRADE
NSW1,2018/01/28 04:30:00,6669.6,62.17,TRADE
NSW1,2018/01/28 05:00:00,6680.45,57.68,TRADE
NSW1,2018/01/28 05:30:00,6753.42,57.66,TRADE
NSW1,2018/01/28 06:00:00,6784.07,57.03,TRADE
NSW1,2018/01/28 06:30:00,6933.6,57.70,TRADE
NSW1,2018/01/28 07:00:00,7225.5,62.04,TRADE
NSW1,2018/01/28 07:30:00,7511.88,55.15,TRADE
NSW1,2018/01/28 08:00:00,7773.76,55.17,TRADE
NSW1,2018/01/28 08:30:00,8037.7,55.47,TRADE
NSW1,2018/01/28 09:00:00,8208.87,69.38,TRADE
NSW1,2018/01/28 09:30:00,8438.23,73.80,TRADE
NSW1,2018/01/28 10:00:00,8558.92,69.95,TRADE
NSW1,2018/01/28 10:30:00,8686.77,68.85,TRADE
NSW1,2018/01/28 11:00:00,8838.68,75.09,TRADE
NSW1,2018/01/28 11:30:00,8889.88,76.38,TRADE
NSW1,2018/01/28 12:00:00,8981.24,75.14,TRADE
NSW1,2018/01/28 12:30:00,9164.17,121.31,TRADE
NSW1,2018/01/28 13:00:00,9242.78,124.90,TRADE
NSW1,2018/01/28 13:30:00,9389.05,173.32,TRADE
NSW1,2018/01/28 14:00:00,9481.17,97.56,TRADE
NSW1,2018/01/28 14:30:00,9566.59,80.70,TRADE
NSW1,2018/01/28 15:00:00,9698.6,96.26,TRADE
NSW1,2018/01/28 15:30:00,9717.69,74.60,TRADE
NSW1,2018/01/28 16:00:00,9821.79,128.32,TRADE
NSW1,2018/01/28 16:30:00,9904.19,98.60,TRADE
NSW1,2018/01/28 17:00:00,9973.81,112.94,TRADE
NSW1,2018/01/28 17:30:00,9952.69,111.35,TRADE
NSW1,2018/01/28 18:00:00,9892.37,98.48,TRADE
NSW1,2018/01/28 18:30:00,9675.35,118.70,TRADE
NSW1,2018/01/28 19:00:00,9488.72,107.53,TRADE
NSW1,2018/01/28 19:30:00,9329.46,104.17,TRADE
NSW1,2018/01/28 20:00:00,9306.18,96.48,TRADE
NSW1,2018/01/28 20:30:00,9177.38,91.29,TRADE
NSW1,2018/01/28 21:00:00,8964.12,75.60,TRADE
NSW1,2018/01/28 21:30:00,8776.22,76.50,TRADE
NSW1,2018/01/28 22:00:00,8457.55,75.87,TRADE
NSW1,2018/01/28 22:30:00,8252.34,85.94,TRADE
NSW1,2018/01/28 23:00:00,7903.36,76.86,TRADE
NSW1,2018/01/28 23:30:00,7572.64,65.95,TRADE
NSW1,2018/01/29 00:00:00,7423.36,58.03,TRADE
NSW1,2018/01/29 00:30:00,7265.01,64.59,TRADE
NSW1,2018/01/29 01:00:00,7088.96,66.85,TRADE
NSW1,2018/01/29 01:30:00,6827.54,71.23,TRADE
NSW1,2018/01/29 02:00:00,6687.84,69.93,TRADE
NSW1,2018/01/29 02:30:00,6626.95,70.60,TRADE
NSW1,2018/01/29 03:00:00,6586.32,66.58,TRADE
NSW1,2018/01/29 03:30:00,6595.89,68.91,TRADE
NSW1,2018/01/29 04:00:00,6635.67,69,TRADE
NSW1,2018/01/29 04:30:00,6868.01,77.52,TRADE
NSW1,2018/01/29 05:00:00,7063.15,83.67,TRADE
NSW1,2018/01/29 05:30:00,7566.45,91.61,TRADE
NSW1,2018/01/29 06:00:00,8026.43,83.66,TRADE
NSW1,2018/01/29 06:30:00,8431.75,71.08,TRADE
NSW1,2018/01/29 07:00:00,8871.47,95.59,TRADE
NSW1,2018/01/29 07:30:00,9238.71,100.66,TRADE
NSW1,2018/01/29 08:00:00,9489.71,121.39,TRADE
NSW1,2018/01/29 08:30:00,9732.55,115.43,TRADE
NSW1,2018/01/29 09:00:00,9773.66,106.03,TRADE
NSW1,2018/01/29 09:30:00,9885.47,97.87,TRADE
NSW1,2018/01/29 10:00:00,9966.74,97.46,TRADE
NSW1,2018/01/29 10:30:00,10006.61,97.06,TRADE
NSW1,2018/01/29 11:00:00,10058.85,112.63,TRADE
NSW1,2018/01/29 11:30:00,10175.19,106.06,TRADE
NSW1,2018/01/29 12:00:00,10335.99,108.60,TRADE
NSW1,2018/01/29 12:30:00,10465.11,105.84,TRADE
NSW1,2018/01/29 13:00:00,10602.92,113.36,TRADE
NSW1,2018/01/29 13:30:00,10705.75,110.04,TRADE
NSW1,2018/01/29 14:00:00,10875.12,101.29,TRADE
NSW1,2018/01/29 14:30:00,10970.89,95.79,TRADE
NSW1,2018/01/29 15:00:00,11175.03,97.97,TRADE
NSW1,2018/01/29 15:30:00,11316.93,100.50,TRADE
NSW1,2018/01/29 16:00:00,11485.18,100.42,TRADE
NSW1,2018/01/29 16:30:00,11496.53,98.55,TRADE
NSW1,2018/01/29 17:00:00,11527.25,102.97,TRADE
NSW1,2018/01/29 17:30:00,11295.77,95.31,TRADE
NSW1,2018/01/29 18:00:00,11157.39,94.18,TRADE
NSW1,2018/01/29 18:30:00,10744.16,96.35,TRADE
NSW1,2018/01/29 19:00:00,10434.37,100.59,TRADE
NSW1,2018/01/29 19:30:00,10193.38,102.75,TRADE
NSW1,2018/01/29 20:00:00,10061.34,94.51,TRADE
NSW1,2018/01/29 20:30:00,9771.73,88.02,TRADE
NSW1,2018/01/29 21:00:00,9497.83,65.77,TRADE
NSW1,2018/01/29 21:30:00,9177.89,63.34,TRADE
NSW1,2018/01/29 22:00:00,8939.31,69.68,TRADE
NSW1,2018/01/29 22:30:00,8696.66,66.25,TRADE
NSW1,2018/01/29 23:00:00,8478.53,65.37,TRADE
NSW1,2018/01/29 23:30:00,8137.89,64.80,TRADE
NSW1,2018/01/30 00:00:00,7921.02,57.48,TRADE
NSW1,2018/01/30 00:30:00,7683.31,58.53,TRADE
NSW1,2018/01/30 01:00:00,7458.81,59.51,TRADE
NSW1,2018/01/30 01:30:00,7139.55,61.63,TRADE
NSW1,2018/01/30 02:00:00,6917.92,56.44,TRADE
NSW1,2018/01/30 02:30:00,6780.16,62.17,TRADE
NSW1,2018/01/30 03:00:00,6753.41,62.19,TRADE
NSW1,2018/01/30 03:30:00,6778.22,63.85,TRADE
NSW1,2018/01/30 04:00:00,6797.28,60.01,TRADE
NSW1,2018/01/30 04:30:00,6983.03,60.14,TRADE
NSW1,2018/01/30 05:00:00,7180.79,62.67,TRADE
NSW1,2018/01/30 05:30:00,7631.94,62.15,TRADE
NSW1,2018/01/30 06:00:00,8079.11,78.68,TRADE
NSW1,2018/01/30 06:30:00,8484.46,82.41,TRADE
NSW1,2018/01/30 07:00:00,8837.47,93.82,TRADE
NSW1,2018/01/30 07:30:00,9128.66,87.36,TRADE
NSW1,2018/01/30 08:00:00,9222.36,87.63,TRADE
NSW1,2018/01/30 08:30:00,9371.19,90.42,TRADE
NSW1,2018/01/30 09:00:00,9555.57,102.29,TRADE
NSW1,2018/01/30 09:30:00,9681.65,93.30,TRADE
NSW1,2018/01/30 10:00:00,9836.76,86.27,TRADE
NSW1,2018/01/30 10:30:00,9978.01,93.42,TRADE
NSW1,2018/01/30 11:00:00,10065.95,91.79,TRADE
NSW1,2018/01/30 11:30:00,10142.73,85.67,TRADE
NSW1,2018/01/30 12:00:00,10333.17,91.40,TRADE
NSW1,2018/01/30 12:30:00,10495.4,99.92,TRADE
NSW1,2018/01/30 13:00:00,10663.05,103.34,TRADE
NSW1,2018/01/30 13:30:00,10893.83,100.92,TRADE
NSW1,2018/01/30 14:00:00,11066.38,99.66,TRADE
NSW1,2018/01/30 14:30:00,11250.31,110.86,TRADE
NSW1,2018/01/30 15:00:00,11529.25,129.09,TRADE
NSW1,2018/01/30 15:30:00,11711.01,146.54,TRADE
NSW1,2018/01/30 16:00:00,11810.61,163.93,TRADE
NSW1,2018/01/30 16:30:00,11869.42,146.84,TRADE
NSW1,2018/01/30 17:00:00,11708.59,119.76,TRADE
NSW1,2018/01/30 17:30:00,11373.28,95.55,TRADE
NSW1,2018/01/30 18:00:00,11223.65,86.27,TRADE
NSW1,2018/01/30 18:30:00,10933.14,80.96,TRADE
NSW1,2018/01/30 19:00:00,10591.4,103.19,TRADE
NSW1,2018/01/30 19:30:00,10442.4,116.50,TRADE
NSW1,2018/01/30 20:00:00,10187.17,109.13,TRADE
NSW1,2018/01/30 20:30:00,9855.65,96.92,TRADE
NSW1,2018/01/30 21:00:00,9413.95,82.20,TRADE
NSW1,2018/01/30 21:30:00,9069.77,76.46,TRADE
NSW1,2018/01/30 22:00:00,8639.96,64.14,TRADE
NSW1,2018/01/30 22:30:00,8455.86,76.22,TRADE
NSW1,2018/01/30 23:00:00,8128.73,64.22,TRADE
NSW1,2018/01/30 23:30:00,7846.59,56.77,TRADE
NSW1,2018/01/31 00:00:00,7689.55,53.84,TRADE
NSW1,2018/01/31 00:30:00,7469.68,56.09,TRADE
NSW1,2018/01/31 01:00:00,7177.21,52.04,TRADE
NSW1,2018/01/31 01:30:00,6830.23,54.96,TRADE
NSW1,2018/01/31 02:00:00,6595.57,51.21,TRADE
NSW1,2018/01/31 02:30:00,6452.29,54.98,TRADE
NSW1,2018/01/31 03:00:00,6386.89,54.12,TRADE
NSW1,2018/01/31 03:30:00,6434.33,57.29,TRADE
NSW1,2018/01/31 04:00:00,6484.79,56.87,TRADE
NSW1,2018/01/31 04:30:00,6697.18,64.29,TRADE
NSW1,2018/01/31 05:00:00,6873.73,61.69,TRADE
NSW1,2018/01/31 05:30:00,7395.11,68.61,TRADE
NSW1,2018/01/31 06:00:00,7678.97,64.43,TRADE
NSW1,2018/01/31 06:30:00,8086.51,79.34,TRADE
NSW1,2018/01/31 07:00:00,8325.55,86.18,TRADE
NSW1,2018/01/31 07:30:00,8499.29,76.57,TRADE
NSW1,2018/01/31 08:00:00,8499,68.10,TRADE
NSW1,2018/01/31 08:30:00,8592.64,78.60,TRADE
NSW1,2018/01/31 09:00:00,8573.78,72.55,TRADE
NSW1,2018/01/31 09:30:00,8566.19,78.39,TRADE
NSW1,2018/01/31 10:00:00,8544.43,83.62,TRADE
NSW1,2018/01/31 10:30:00,8459.85,72.22,TRADE
NSW1,2018/01/31 11:00:00,8414.21,75.73,TRADE
NSW1,2018/01/31 11:30:00,8334.45,83.23,TRADE
NSW1,2018/01/31 12:00:00,8313.72,85.09,TRADE
NSW1,2018/01/31 12:30:00,8269.42,80.42,TRADE
NSW1,2018/01/31 13:00:00,8193.74,78.52,TRADE
NSW1,2018/01/31 13:30:00,8186.36,80.34,TRADE
NSW1,2018/01/31 14:00:00,8147.83,76.07,TRADE
NSW1,2018/01/31 14:30:00,8167.27,83.67,TRADE
NSW1,2018/01/31 15:00:00,8224.84,79.35,TRADE
NSW1,2018/01/31 15:30:00,8293.78,84.88,TRADE
NSW1,2018/01/31 16:00:00,8395.58,92.90,TRADE
NSW1,2018/01/31 16:30:00,8371.79,77.34,TRADE
NSW1,2018/01/31 17:00:00,8474.57,83.40,TRADE
NSW1,2018/01/31 17:30:00,8318.13,64.56,TRADE
NSW1,2018/01/31 18:00:00,8243.74,58.43,TRADE
NSW1,2018/01/31 18:30:00,8145.58,62.97,TRADE
NSW1,2018/01/31 19:00:00,8116.89,76.20,TRADE
NSW1,2018/01/31 19:30:00,8075.67,63.60,TRADE
NSW1,2018/01/31 20:00:00,8030.71,71.23,TRADE
NSW1,2018/01/31 20:30:00,7888.72,70.98,TRADE
NSW1,2018/01/31 21:00:00,7655.29,64.12,TRADE
NSW1,2018/01/31 21:30:00,7555.24,63.12,TRADE
NSW1,2018/01/31 22:00:00,7352.8,56.73,TRADE
NSW1,2018/01/31 22:30:00,7370.29,60.88,TRADE
NSW1,2018/01/31 23:00:00,7227.34,58.69,TRADE
NSW1,2018/01/31 23:30:00,7055.73,60.24,TRADE
NSW1,2018/02/01 00:00:00,6966.93,64.09,TRADE
